iap_trigger: /dev/bus/usb/001/002  0x51 wValue=1 -> ret=0
SENT OK — watch for iPhone re-enumerate as host
[iap2] opened /dev/android_iap2 — iAP2 transport ready
[iap2] MFi chip open (local i2c), DeviceVersion=0x03
[iap2] TX detect + SYN — waiting for SYN-ACK
[iap2] SYN-ACK — link up
[iap2] TX 0xAA01 AuthenticationCertificate (945 B)
[iap2] RX 0xAA00 -> CertSent
[iap2] TX 0xAA03 AuthenticationResponse (128 B sig)
[iap2] RX 0xAA02 -> SignSent
[iap2] AuthSuccess
[iap2] RX 0xAA05 -> Authenticated
[iap2] TX 0x1D01 IdentificationInformation (290 B)
[iap2] RX 0x1D00 -> IdentSent
[iap2] IdentifyAccept
[iap2] RX 0x1D02 -> Identified
[iap2] TX 0x5000 StartNowPlayingUpdates (40 B)
[iap2] TX 0x5200 StartRouteGuidanceUpdates (14 B)
[iap2] TX 0x4154 StartCallStateUpdates (44 B)
[iap2] TX 0x4157 StartCommunicationsUpdates (68 B)
[iap2] TX 0x4170 StartListUpdates (8 B)
[iap2] RX 0x4E0E -> Identified
[iap2] RX 0x4E0A -> Identified
[iap2] RX 0x4E0B -> Identified
[meta] connected to ocbmd metadata seam 127.0.0.1:9004
[meta] forwarded 1 metadata messages to the host
[iap2] NowPlaying: NowPlaying { title: Some(""), artist: Some(""), album: Some(""), genre: None, composer: None, duration_ms: Some(0), track_number: None, track_count: None, elapsed_ms: Some(0), playback_status: Some(Stopped), app: Some(""), app_bundle_id: None }
[iap2] RX 0x5001 -> Identified
[iap2] NowPlaying: NowPlaying { title: None, artist: None, album: None, genre: None, composer: None, duration_ms: None, track_number: None, track_count: None, elapsed_ms: Some(0), playback_status: Some(Stopped), app: Some(""), app_bundle_id: None }
[iap2] RX 0x5001 -> Identified
[iap2] NowPlaying: NowPlaying { title: Some(""), artist: Some(""), album: Some(""), genre: None, composer: None, duration_ms: Some(0), track_number: None, track_count: None, elapsed_ms: None, playback_status: None, app: None, app_bundle_id: None }
[iap2] RX 0x5001 -> Identified
[iap2] NowPlaying: NowPlaying { title: None, artist: None, album: None, genre: None, composer: None, duration_ms: None, track_number: None, track_count: None, elapsed_ms: None, playback_status: None, app: None, app_bundle_id: None }
[iap2] RX 0x5001 -> Identified
[iap2] RX 0x4155 -> Identified
[iap2] NowPlaying: NowPlaying { title: None, artist: None, album: None, genre: None, composer: None, duration_ms: None, track_number: None, track_count: None, elapsed_ms: Some(20194), playback_status: Some(Playing), app: Some("Music"), app_bundle_id: None }
[iap2] RX 0x5001 -> Identified
[meta] seam write failed — reconnecting on next message
[iap2] NowPlaying: NowPlaying { title: Some("No More Tears"), artist: Some("Distant Cowboy"), album: Some("No More Tears - Single"), genre: None, composer: None, duration_ms: Some(245558), track_number: None, track_count: None, elapsed_ms: None, playback_status: None, app: None, app_bundle_id: None }
[iap2] RX 0x5001 -> Identified
[meta] connected to ocbmd metadata seam 127.0.0.1:9004
[iap2] NowPlaying: NowPlaying { title: None, artist: None, album: None, genre: None, composer: None, duration_ms: None, track_number: None, track_count: None, elapsed_ms: Some(20198), playback_status: None, app: None, app_bundle_id: None }
[iap2] RX 0x5001 -> Identified
[iap2] NowPlaying: NowPlaying { title: None, artist: None, album: None, genre: None, composer: None, duration_ms: None, track_number: None, track_count: None, elapsed_ms: Some(20199), playback_status: None, app: None, app_bundle_id: None }
[iap2] RX 0x5001 -> Identified
[iap2] NowPlaying: NowPlaying { title: None, artist: None, album: None, genre: None, composer: None, duration_ms: None, track_number: None, track_count: None, elapsed_ms: None, playback_status: None, app: None, app_bundle_id: None }
[iap2] RX 0x5001 -> Identified
[art] setup id=0x82 size=94098 — accepting
[art] complete id=0x82 94098 B (expected 94098)
[iap2] NowPlaying: NowPlaying { title: None, artist: None, album: None, genre: None, composer: None, duration_ms: None, track_number: None, track_count: None, elapsed_ms: Some(20646), playback_status: None, app: None, app_bundle_id: None }
[iap2] RX 0x5001 -> Identified
[iap2] NowPlaying: NowPlaying { title: None, artist: None, album: None, genre: None, composer: None, duration_ms: None, track_number: None, track_count: None, elapsed_ms: Some(20745), playback_status: None, app: None, app_bundle_id: None }
[iap2] RX 0x5001 -> Identified
[iap2] NowPlaying: NowPlaying { title: None, artist: None, album: None, genre: None, composer: None, duration_ms: None, track_number: None, track_count: None, elapsed_ms: Some(21144), playback_status: None, app: None, app_bundle_id: None }
[iap2] RX 0x5001 -> Identified
[iap2] NowPlaying: NowPlaying { title: None, artist: None, album: None, genre: None, composer: None, duration_ms: None, track_number: None, track_count: None, elapsed_ms: Some(21511), playback_status: None, app: None, app_bundle_id: None }
[iap2] RX 0x5001 -> Identified
[iap2] NowPlaying: NowPlaying { title: None, artist: None, album: None, genre: None, composer: None, duration_ms: None, track_number: None, track_count: None, elapsed_ms: Some(21604), playback_status: None, app: None, app_bundle_id: None }
[iap2] RX 0x5001 -> Identified
[iap2] NowPlaying: NowPlaying { title: None, artist: None, album: None, genre: None, composer: None, duration_ms: None, track_number: None, track_count: None, elapsed_ms: Some(22063), playback_status: None, app: None, app_bundle_id: None }
[iap2] RX 0x5001 -> Identified
[iap2] NowPlaying: NowPlaying { title: None, artist: None, album: None, genre: None, composer: None, duration_ms: None, track_number: None, track_count: None, elapsed_ms: Some(22155), playback_status: None, app: None, app_bundle_id: None }
[iap2] RX 0x5001 -> Identified
[iap2] NowPlaying: NowPlaying { title: None, artist: None, album: None, genre: None, composer: None, duration_ms: None, track_number: None, track_count: None, elapsed_ms: Some(22522), playback_status: None, app: None, app_bundle_id: None }
[iap2] RX 0x5001 -> Identified
[iap2] NowPlaying: NowPlaying { title: None, artist: None, album: None, genre: None, composer: None, duration_ms: None, track_number: None, track_count: None, elapsed_ms: Some(22983), playback_status: None, app: None, app_bundle_id: None }
[iap2] RX 0x5001 -> Identified
[iap2] NowPlaying: NowPlaying { title: None, artist: None, album: None, genre: None, composer: None, duration_ms: None, track_number: None, track_count: None, elapsed_ms: Some(23469), playback_status: None, app: None, app_bundle_id: None }
[iap2] RX 0x5001 -> Identified
[iap2] NowPlaying: NowPlaying { title: None, artist: None, album: None, genre: None, composer: None, duration_ms: None, track_number: None, track_count: None, elapsed_ms: Some(23963), playback_status: None, app: None, app_bundle_id: None }
[iap2] RX 0x5001 -> Identified
[iap2] NowPlaying: NowPlaying { title: None, artist: None, album: None, genre: None, composer: None, duration_ms: None, track_number: None, track_count: None, elapsed_ms: Some(24458), playback_status: None, app: None, app_bundle_id: None }
[iap2] RX 0x5001 -> Identified
[iap2] NowPlaying: NowPlaying { title: None, artist: None, album: None, genre: None, composer: None, duration_ms: None, track_number: None, track_count: None, elapsed_ms: Some(24917), playback_status: None, app: None, app_bundle_id: None }
[iap2] RX 0x5001 -> Identified
[iap2] NowPlaying: NowPlaying { title: None, artist: None, album: None, genre: None, composer: None, duration_ms: None, track_number: None, track_count: None, elapsed_ms: Some(25374), playback_status: None, app: None, app_bundle_id: None }
[iap2] RX 0x5001 -> Identified
[iap2] NowPlaying: NowPlaying { title: None, artist: None, album: None, genre: None, composer: None, duration_ms: None, track_number: None, track_count: None, elapsed_ms: Some(25834), playback_status: None, app: None, app_bundle_id: None }
[iap2] RX 0x5001 -> Identified
[iap2] NowPlaying: NowPlaying { title: None, artist: None, album: None, genre: None, composer: None, duration_ms: None, track_number: None, track_count: None, elapsed_ms: Some(26288), playback_status: None, app: None, app_bundle_id: None }
[iap2] RX 0x5001 -> Identified
[iap2] NowPlaying: NowPlaying { title: None, artist: None, album: None, genre: None, composer: None, duration_ms: None, track_number: None, track_count: None, elapsed_ms: Some(26746), playback_status: None, app: None, app_bundle_id: None }
[iap2] RX 0x5001 -> Identified
[iap2] RouteGuidance: RouteGuidance { route_state: Some(NoRouteSet), maneuver_state: None, current_road: None, destination: None, arrival_time_epoch_s: None, time_remaining_s: None, distance_remaining_m: None, distance_remaining_text: None, distance_remaining_units: None, distance_to_next_maneuver_m: None, distance_to_next_maneuver_text: None, distance_to_next_maneuver_units: None, nav_app: None }
[iap2] RX 0x5201 -> Identified
[iap2] RouteGuidance: RouteGuidance { route_state: Some(Loading), maneuver_state: None, current_road: None, destination: None, arrival_time_epoch_s: None, time_remaining_s: None, distance_remaining_m: None, distance_remaining_text: None, distance_remaining_units: None, distance_to_next_maneuver_m: None, distance_to_next_maneuver_text: None, distance_to_next_maneuver_units: None, nav_app: Some("Apple Maps") }
[iap2] RX 0x5201 -> Identified
[iap2] Maneuver: Maneuver { index: Some(0), instruction: Some("Proceed to the route"), maneuver_type: Some(ProceedToRouteStart), road: Some(""), distance_m: Some(0), distance_text: Some("0"), distance_units: Some(Feet), exit_info: None }
[iap2] RX 0x5202 -> Identified
[iap2] Maneuver: Maneuver { index: Some(30), instruction: Some("Proceed to the route"), maneuver_type: Some(ProceedToRouteStart), road: Some(""), distance_m: Some(46670), distance_text: Some("29"), distance_units: Some(Miles), exit_info: None }
[iap2] RX 0x5202 -> Identified
[iap2] Maneuver: Maneuver { index: Some(19), instruction: Some("2\u{a0}South to Delta Jct"), maneuver_type: Some(RightTurn), road: Some("Santa Claus Ln"), distance_m: Some(21), distance_text: Some("70"), distance_units: Some(Feet), exit_info: None }
[iap2] RX 0x5202 -> Identified
[iap2] Maneuver: Maneuver { index: Some(8), instruction: Some("Nordale Rd N"), maneuver_type: Some(RightTurn), road: Some("Nordale Rd N"), distance_m: Some(6920), distance_text: Some("4.3"), distance_units: Some(Miles), exit_info: None }
[iap2] RX 0x5202 -> Identified
[iap2] Maneuver: Maneuver { index: Some(27), instruction: Some("On your right: 3138 Monkshood Ln, North Pole"), maneuver_type: Some(ArriveAtDestinationRight), road: Some("Monkshood Ln"), distance_m: Some(91), distance_text: Some("300"), distance_units: Some(Feet), exit_info: None }
[iap2] RX 0x5202 -> Identified
[iap2] Maneuver: Maneuver { index: Some(16), instruction: Some("Turn right"), maneuver_type: Some(RightTurn), road: Some(""), distance_m: Some(213), distance_text: Some("700"), distance_units: Some(Feet), exit_info: None }
[iap2] RX 0x5202 -> Identified
[iap2] Maneuver: Maneuver { index: Some(5), instruction: Some("Bennett Rd"), maneuver_type: Some(StraightAhead), road: Some("Steele Creek Rd"), distance_m: Some(1609), distance_text: Some("1"), distance_units: Some(Miles), exit_info: None }
[iap2] RX 0x5202 -> Identified
[iap2] Maneuver: Maneuver { index: Some(24), instruction: Some("Farrior Dr"), maneuver_type: Some(LeftTurn), road: Some("Farrior Dr"), distance_m: Some(965), distance_text: Some("0.6"), distance_units: Some(Miles), exit_info: None }
[iap2] RX 0x5202 -> Identified
[iap2] Maneuver: Maneuver { index: Some(13), instruction: Some("Turn right"), maneuver_type: Some(RightTurn), road: Some("Santa Claus Ln"), distance_m: Some(213), distance_text: Some("700"), distance_units: Some(Feet), exit_info: None }
[iap2] RX 0x5202 -> Identified
[iap2] Maneuver: Maneuver { index: Some(2), instruction: Some("6 Steese Hwy"), maneuver_type: Some(LeftTurn), road: Some("Steese Hwy"), distance_m: Some(965), distance_text: Some("0.6"), distance_units: Some(Miles), exit_info: None }
[iap2] RX 0x5202 -> Identified
[iap2] Maneuver: Maneuver { index: Some(21), instruction: Some("Merge onto 2 Richardson Hwy"), maneuver_type: Some(StraightAhead), road: Some("Laurance Rd"), distance_m: Some(321), distance_text: Some("0.2"), distance_units: Some(Miles), exit_info: None }
[iap2] RX 0x5202 -> Identified
[iap2] Maneuver: Maneuver { index: Some(10), instruction: Some("Santa Claus Ln to Santa Clause Ln"), maneuver_type: Some(RoundaboutExit1), road: Some("Santa Claus Ln"), distance_m: Some(7563), distance_text: Some("4.7"), distance_units: Some(Miles), exit_info: None }
[iap2] RX 0x5202 -> Identified
[iap2] Maneuver: Maneuver { index: Some(29), instruction: Some(""), maneuver_type: Some(ArriveAtDestinationRight), road: Some("Monkshood Ln"), distance_m: Some(46670), distance_text: Some("29"), distance_units: Some(Miles), exit_info: None }
[iap2] RX 0x5202 -> Identified
[iap2] Maneuver: Maneuver { index: Some(18), instruction: Some("Santa Claus Ln"), maneuver_type: Some(RightTurn), road: Some("Santa Claus Ln"), distance_m: Some(21), distance_text: Some("70"), distance_units: Some(Feet), exit_info: None }
[iap2] RX 0x5202 -> Identified
[iap2] Maneuver: Maneuver { index: Some(7), instruction: Some("Chena Hot Springs Rd"), maneuver_type: Some(LeftTurn), road: Some("Chena Hot Springs Rd"), distance_m: Some(2414), distance_text: Some("1.5"), distance_units: Some(Miles), exit_info: None }
[iap2] RX 0x5202 -> Identified
[iap2] Maneuver: Maneuver { index: Some(26), instruction: Some("On your right: 3138 Monkshood Ln, North Pole"), maneuver_type: Some(ArriveAtDestinationRight), road: Some("Monkshood Ln"), distance_m: Some(482), distance_text: Some("0.3"), distance_units: Some(Miles), exit_info: None }
[iap2] RX 0x5202 -> Identified
[iap2] Maneuver: Maneuver { index: Some(15), instruction: Some("Turn right"), maneuver_type: Some(RightTurn), road: Some(""), distance_m: Some(76), distance_text: Some("250"), distance_units: Some(Feet), exit_info: None }
[iap2] RX 0x5202 -> Identified
[iap2] Maneuver: Maneuver { index: Some(4), instruction: Some("Steele Creek Rd"), maneuver_type: Some(LeftTurn), road: Some("Steele Creek Rd"), distance_m: Some(7563), distance_text: Some("4.7"), distance_units: Some(Miles), exit_info: None }
[iap2] RX 0x5202 -> Identified
[iap2] Maneuver: Maneuver { index: Some(23), instruction: Some("Dyke Rd"), maneuver_type: Some(LeftTurn), road: Some("Dyke Rd"), distance_m: Some(482), distance_text: Some("0.3"), distance_units: Some(Miles), exit_info: None }
[iap2] RX 0x5202 -> Identified
[iap2] Maneuver: Maneuver { index: Some(12), instruction: Some("Use the roundabout to make a U-turn"), maneuver_type: Some(RoundaboutUTurn), road: Some("Santa Claus Ln"), distance_m: Some(213), distance_text: Some("700"), distance_units: Some(Feet), exit_info: None }
[iap2] RX 0x5202 -> Identified
[iap2] Maneuver: Maneuver { index: Some(1), instruction: Some("Eisele Rd"), maneuver_type: Some(LeftTurn), road: Some("Eisele Rd"), distance_m: Some(643), distance_text: Some("0.4"), distance_units: Some(Miles), exit_info: None }
[iap2] RX 0x5202 -> Identified
[iap2] Maneuver: Maneuver { index: Some(20), instruction: Some("2\u{a0}South to Delta Jct"), maneuver_type: Some(RoundaboutExit1), road: Some("AK-2 South"), distance_m: Some(60), distance_text: Some("200"), distance_units: Some(Feet), exit_info: None }
[iap2] RX 0x5202 -> Identified
[iap2] Maneuver: Maneuver { index: Some(9), instruction: Some("Badger Rd"), maneuver_type: Some(LeftTurn), road: Some("Badger Rd"), distance_m: Some(9012), distance_text: Some("5.6"), distance_units: Some(Miles), exit_info: None }
[iap2] RX 0x5202 -> Identified
[iap2] Maneuver: Maneuver { index: Some(28), instruction: Some(""), maneuver_type: Some(ArriveAtDestinationRight), road: Some("Monkshood Ln"), distance_m: Some(46670), distance_text: Some("29"), distance_units: Some(Miles), exit_info: None }
[iap2] RX 0x5202 -> Identified
[iap2] Maneuver: Maneuver { index: Some(17), instruction: Some("Santa Claus Ln"), maneuver_type: Some(RightTurn), road: Some(""), distance_m: Some(213), distance_text: Some("700"), distance_units: Some(Feet), exit_info: None }
[iap2] RX 0x5202 -> Identified
[iap2] Maneuver: Maneuver { index: Some(6), instruction: Some("Bennett Rd"), maneuver_type: Some(StraightAhead), road: Some("Bennett Rd"), distance_m: Some(274), distance_text: Some("900"), distance_units: Some(Feet), exit_info: None }
[iap2] RX 0x5202 -> Identified
[iap2] Maneuver: Maneuver { index: Some(25), instruction: Some("Monkshood Ln"), maneuver_type: Some(LeftTurn), road: Some("Monkshood Ln"), distance_m: Some(482), distance_text: Some("0.3"), distance_units: Some(Miles), exit_info: None }
[iap2] RX 0x5202 -> Identified
[iap2] Maneuver: Maneuver { index: Some(14), instruction: Some("Turn right"), maneuver_type: Some(RightTurn), road: Some(""), distance_m: Some(76), distance_text: Some("250"), distance_units: Some(Feet), exit_info: None }
[iap2] RX 0x5202 -> Identified
[iap2] Maneuver: Maneuver { index: Some(3), instruction: Some("2 Steese Hwy"), maneuver_type: Some(LeftTurn), road: Some("Steese Hwy"), distance_m: Some(4023), distance_text: Some("2.5"), distance_units: Some(Miles), exit_info: None }
[iap2] RX 0x5202 -> Identified
[iap2] Maneuver: Maneuver { index: Some(22), instruction: Some("Laurance Rd"), maneuver_type: Some(KeepRight), road: Some("Laurance Rd"), distance_m: Some(4184), distance_text: Some("2.6"), distance_units: Some(Miles), exit_info: None }
[iap2] RX 0x5202 -> Identified
[iap2] Maneuver: Maneuver { index: Some(11), instruction: Some("Use the roundabout to make a U-turn"), maneuver_type: Some(RoundaboutUTurn), road: Some("Santa Claus Ln"), distance_m: Some(804), distance_text: Some("0.5"), distance_units: Some(Miles), exit_info: None }
[iap2] RX 0x5202 -> Identified
[iap2] RouteGuidance: RouteGuidance { route_state: Some(Loading), maneuver_state: None, current_road: None, destination: None, arrival_time_epoch_s: None, time_remaining_s: None, distance_remaining_m: None, distance_remaining_text: None, distance_remaining_units: None, distance_to_next_maneuver_m: None, distance_to_next_maneuver_text: None, distance_to_next_maneuver_units: None, nav_app: Some("Apple Maps") }
[iap2] RX 0x5201 -> Identified
[iap2] NowPlaying: NowPlaying { title: None, artist: None, album: None, genre: None, composer: None, duration_ms: None, track_number: None, track_count: None, elapsed_ms: Some(27202), playback_status: None, app: None, app_bundle_id: None }
[iap2] RX 0x5001 -> Identified
[iap2] RouteGuidance: RouteGuidance { route_state: Some(ProceedToRoute), maneuver_state: None, current_road: None, destination: Some("Home"), arrival_time_epoch_s: Some(1784916000), time_remaining_s: Some(2520), distance_remaining_m: Some(46030), distance_remaining_text: Some("29"), distance_remaining_units: Some(Miles), distance_to_next_maneuver_m: Some(0), distance_to_next_maneuver_text: Some("0"), distance_to_next_maneuver_units: Some(Meters), nav_app: Some("Apple Maps") }
[iap2] RX 0x5201 -> Identified
[iap2] RouteGuidance: RouteGuidance { route_state: Some(ProceedToRoute), maneuver_state: None, current_road: None, destination: Some("Home"), arrival_time_epoch_s: Some(1784916000), time_remaining_s: Some(2520), distance_remaining_m: Some(46030), distance_remaining_text: Some("29"), distance_remaining_units: Some(Miles), distance_to_next_maneuver_m: Some(178), distance_to_next_maneuver_text: Some("600"), distance_to_next_maneuver_units: Some(Feet), nav_app: Some("Apple Maps") }
[iap2] RX 0x5201 -> Identified
[iap2] RouteGuidance: RouteGuidance { route_state: Some(ProceedToRoute), maneuver_state: None, current_road: None, destination: Some("Home"), arrival_time_epoch_s: Some(1784916000), time_remaining_s: Some(2520), distance_remaining_m: Some(46030), distance_remaining_text: Some("29"), distance_remaining_units: Some(Miles), distance_to_next_maneuver_m: Some(178), distance_to_next_maneuver_text: Some("600"), distance_to_next_maneuver_units: Some(Feet), nav_app: Some("Apple Maps") }
[iap2] RX 0x5201 -> Identified
[iap2] NowPlaying: NowPlaying { title: None, artist: None, album: None, genre: None, composer: None, duration_ms: None, track_number: None, track_count: None, elapsed_ms: Some(28360), playback_status: None, app: None, app_bundle_id: None }
[iap2] RX 0x5001 -> Identified
[iap2] NowPlaying: NowPlaying { title: None, artist: None, album: None, genre: None, composer: None, duration_ms: None, track_number: None, track_count: None, elapsed_ms: Some(28820), playback_status: None, app: None, app_bundle_id: None }
[iap2] RX 0x5001 -> Identified
[iap2] NowPlaying: NowPlaying { title: None, artist: None, album: None, genre: None, composer: None, duration_ms: None, track_number: None, track_count: None, elapsed_ms: Some(29326), playback_status: None, app: None, app_bundle_id: None }
[iap2] RX 0x5001 -> Identified
[iap2] NowPlaying: NowPlaying { title: None, artist: None, album: None, genre: None, composer: None, duration_ms: None, track_number: None, track_count: None, elapsed_ms: Some(29782), playback_status: None, app: None, app_bundle_id: None }
[iap2] RX 0x5001 -> Identified
[iap2] NowPlaying: NowPlaying { title: None, artist: None, album: None, genre: None, composer: None, duration_ms: None, track_number: None, track_count: None, elapsed_ms: Some(30240), playback_status: None, app: None, app_bundle_id: None }
[iap2] RX 0x5001 -> Identified
[iap2] NowPlaying: NowPlaying { title: None, artist: None, album: None, genre: None, composer: None, duration_ms: None, track_number: None, track_count: None, elapsed_ms: Some(30697), playback_status: None, app: None, app_bundle_id: None }
[iap2] RX 0x5001 -> Identified
[iap2] NowPlaying: NowPlaying { title: None, artist: None, album: None, genre: None, composer: None, duration_ms: None, track_number: None, track_count: None, elapsed_ms: Some(31154), playback_status: None, app: None, app_bundle_id: None }
[iap2] RX 0x5001 -> Identified
[iap2] NowPlaying: NowPlaying { title: None, artist: None, album: None, genre: None, composer: None, duration_ms: None, track_number: None, track_count: None, elapsed_ms: Some(31612), playback_status: None, app: None, app_bundle_id: None }
[iap2] RX 0x5001 -> Identified
[iap2] NowPlaying: NowPlaying { title: None, artist: None, album: None, genre: None, composer: None, duration_ms: None, track_number: None, track_count: None, elapsed_ms: Some(32071), playback_status: None, app: None, app_bundle_id: None }
[iap2] RX 0x5001 -> Identified
[iap2] NowPlaying: NowPlaying { title: None, artist: None, album: None, genre: None, composer: None, duration_ms: None, track_number: None, track_count: None, elapsed_ms: Some(32531), playback_status: None, app: None, app_bundle_id: None }
[iap2] RX 0x5001 -> Identified
[iap2] NowPlaying: NowPlaying { title: None, artist: None, album: None, genre: None, composer: None, duration_ms: None, track_number: None, track_count: None, elapsed_ms: Some(32987), playback_status: None, app: None, app_bundle_id: None }
[iap2] RX 0x5001 -> Identified
[iap2] RouteGuidance: RouteGuidance { route_state: Some(ProceedToRoute), maneuver_state: None, current_road: None, destination: Some("Home"), arrival_time_epoch_s: Some(1784916000), time_remaining_s: Some(2520), distance_remaining_m: Some(46030), distance_remaining_text: Some("29"), distance_remaining_units: Some(Miles), distance_to_next_maneuver_m: Some(178), distance_to_next_maneuver_text: Some("600"), distance_to_next_maneuver_units: Some(Feet), nav_app: Some("Apple Maps") }
[iap2] RX 0x5201 -> Identified
[iap2] NowPlaying: NowPlaying { title: None, artist: None, album: None, genre: None, composer: None, duration_ms: None, track_number: None, track_count: None, elapsed_ms: Some(33445), playback_status: None, app: None, app_bundle_id: None }
[iap2] RX 0x5001 -> Identified
[iap2] RouteGuidance: RouteGuidance { route_state: Some(ProceedToRoute), maneuver_state: None, current_road: None, destination: Some("Home"), arrival_time_epoch_s: Some(1784916000), time_remaining_s: Some(2520), distance_remaining_m: Some(46030), distance_remaining_text: Some("29"), distance_remaining_units: Some(Miles), distance_to_next_maneuver_m: Some(178), distance_to_next_maneuver_text: Some("600"), distance_to_next_maneuver_units: Some(Feet), nav_app: Some("Apple Maps") }
[iap2] RX 0x5201 -> Identified
[iap2] NowPlaying: NowPlaying { title: None, artist: None, album: None, genre: None, composer: None, duration_ms: None, track_number: None, track_count: None, elapsed_ms: Some(33904), playback_status: None, app: None, app_bundle_id: None }
[iap2] RX 0x5001 -> Identified
[meta] seam write failed — reconnecting on next message
[iap2] NowPlaying: NowPlaying { title: None, artist: None, album: None, genre: None, composer: None, duration_ms: None, track_number: None, track_count: None, elapsed_ms: Some(34365), playback_status: None, app: None, app_bundle_id: None }
[iap2] RX 0x5001 -> Identified
[meta] connected to ocbmd metadata seam 127.0.0.1:9004
[iap2] NowPlaying: NowPlaying { title: None, artist: None, album: None, genre: None, composer: None, duration_ms: None, track_number: None, track_count: None, elapsed_ms: Some(34822), playback_status: None, app: None, app_bundle_id: None }
[iap2] RX 0x5001 -> Identified
[iap2] NowPlaying: NowPlaying { title: None, artist: None, album: None, genre: None, composer: None, duration_ms: None, track_number: None, track_count: None, elapsed_ms: Some(35280), playback_status: None, app: None, app_bundle_id: None }
[iap2] RX 0x5001 -> Identified
[iap2] NowPlaying: NowPlaying { title: None, artist: None, album: None, genre: None, composer: None, duration_ms: None, track_number: None, track_count: None, elapsed_ms: Some(35744), playback_status: None, app: None, app_bundle_id: None }
[iap2] RX 0x5001 -> Identified
[iap2] NowPlaying: NowPlaying { title: None, artist: None, album: None, genre: None, composer: None, duration_ms: None, track_number: None, track_count: None, elapsed_ms: Some(36202), playback_status: None, app: None, app_bundle_id: None }
[iap2] RX 0x5001 -> Identified
[iap2] NowPlaying: NowPlaying { title: None, artist: None, album: None, genre: None, composer: None, duration_ms: None, track_number: None, track_count: None, elapsed_ms: Some(36660), playback_status: None, app: None, app_bundle_id: None }
[iap2] RX 0x5001 -> Identified
[iap2] NowPlaying: NowPlaying { title: None, artist: None, album: None, genre: None, composer: None, duration_ms: None, track_number: None, track_count: None, elapsed_ms: Some(37117), playback_status: None, app: None, app_bundle_id: None }
[iap2] RX 0x5001 -> Identified
[iap2] NowPlaying: NowPlaying { title: None, artist: None, album: None, genre: None, composer: None, duration_ms: None, track_number: None, track_count: None, elapsed_ms: Some(37575), playback_status: None, app: None, app_bundle_id: None }
[iap2] RX 0x5001 -> Identified
[iap2] NowPlaying: NowPlaying { title: None, artist: None, album: None, genre: None, composer: None, duration_ms: None, track_number: None, track_count: None, elapsed_ms: Some(38033), playback_status: None, app: None, app_bundle_id: None }
[iap2] RX 0x5001 -> Identified
[iap2] NowPlaying: NowPlaying { title: None, artist: None, album: None, genre: None, composer: None, duration_ms: None, track_number: None, track_count: None, elapsed_ms: Some(38490), playback_status: None, app: None, app_bundle_id: None }
[iap2] RX 0x5001 -> Identified
[iap2] NowPlaying: NowPlaying { title: None, artist: None, album: None, genre: None, composer: None, duration_ms: None, track_number: None, track_count: None, elapsed_ms: Some(38948), playback_status: None, app: None, app_bundle_id: None }
[iap2] RX 0x5001 -> Identified
[iap2] RouteGuidance: RouteGuidance { route_state: Some(ProceedToRoute), maneuver_state: None, current_road: None, destination: Some("Home"), arrival_time_epoch_s: Some(1784916000), time_remaining_s: Some(2520), distance_remaining_m: Some(46030), distance_remaining_text: Some("29"), distance_remaining_units: Some(Miles), distance_to_next_maneuver_m: Some(178), distance_to_next_maneuver_text: Some("600"), distance_to_next_maneuver_units: Some(Feet), nav_app: Some("Apple Maps") }
[iap2] RX 0x5201 -> Identified
[iap2] NowPlaying: NowPlaying { title: None, artist: None, album: None, genre: None, composer: None, duration_ms: None, track_number: None, track_count: None, elapsed_ms: Some(39405), playback_status: None, app: None, app_bundle_id: None }
[iap2] RX 0x5001 -> Identified
[iap2] RouteGuidance: RouteGuidance { route_state: Some(ProceedToRoute), maneuver_state: None, current_road: None, destination: Some("Home"), arrival_time_epoch_s: Some(1784916000), time_remaining_s: Some(2520), distance_remaining_m: Some(46030), distance_remaining_text: Some("29"), distance_remaining_units: Some(Miles), distance_to_next_maneuver_m: Some(178), distance_to_next_maneuver_text: Some("600"), distance_to_next_maneuver_units: Some(Feet), nav_app: Some("Apple Maps") }
[iap2] RX 0x5201 -> Identified
[iap2] RouteGuidance: RouteGuidance { route_state: Some(ProceedToRoute), maneuver_state: None, current_road: None, destination: Some("Home"), arrival_time_epoch_s: Some(1784916000), time_remaining_s: Some(2520), distance_remaining_m: Some(46030), distance_remaining_text: Some("29"), distance_remaining_units: Some(Miles), distance_to_next_maneuver_m: Some(178), distance_to_next_maneuver_text: Some("600"), distance_to_next_maneuver_units: Some(Feet), nav_app: Some("Apple Maps") }
[iap2] RX 0x5201 -> Identified
[iap2] NowPlaying: NowPlaying { title: None, artist: None, album: None, genre: None, composer: None, duration_ms: None, track_number: None, track_count: None, elapsed_ms: Some(39863), playback_status: None, app: None, app_bundle_id: None }
[iap2] RX 0x5001 -> Identified
[iap2] NowPlaying: NowPlaying { title: None, artist: None, album: None, genre: None, composer: None, duration_ms: None, track_number: None, track_count: None, elapsed_ms: Some(40324), playback_status: None, app: None, app_bundle_id: None }
[iap2] RX 0x5001 -> Identified
[iap2] NowPlaying: NowPlaying { title: None, artist: None, album: None, genre: None, composer: None, duration_ms: None, track_number: None, track_count: None, elapsed_ms: Some(40780), playback_status: None, app: None, app_bundle_id: None }
[iap2] RX 0x5001 -> Identified
[iap2] NowPlaying: NowPlaying { title: None, artist: None, album: None, genre: None, composer: None, duration_ms: None, track_number: None, track_count: None, elapsed_ms: Some(41239), playback_status: None, app: None, app_bundle_id: None }
[iap2] RX 0x5001 -> Identified
[meta] forwarded 100 metadata messages to the host
[iap2] NowPlaying: NowPlaying { title: None, artist: None, album: None, genre: None, composer: None, duration_ms: None, track_number: None, track_count: None, elapsed_ms: Some(41697), playback_status: None, app: None, app_bundle_id: None }
[iap2] RX 0x5001 -> Identified
[iap2] NowPlaying: NowPlaying { title: None, artist: None, album: None, genre: None, composer: None, duration_ms: None, track_number: None, track_count: None, elapsed_ms: Some(42155), playback_status: None, app: None, app_bundle_id: None }
[iap2] RX 0x5001 -> Identified
[iap2] NowPlaying: NowPlaying { title: None, artist: None, album: None, genre: None, composer: None, duration_ms: None, track_number: None, track_count: None, elapsed_ms: Some(42615), playback_status: None, app: None, app_bundle_id: None }
[iap2] RX 0x5001 -> Identified
[iap2] NowPlaying: NowPlaying { title: None, artist: None, album: None, genre: None, composer: None, duration_ms: None, track_number: None, track_count: None, elapsed_ms: Some(43071), playback_status: None, app: None, app_bundle_id: None }
[iap2] RX 0x5001 -> Identified
[iap2] NowPlaying: NowPlaying { title: None, artist: None, album: None, genre: None, composer: None, duration_ms: None, track_number: None, track_count: None, elapsed_ms: Some(43533), playback_status: None, app: None, app_bundle_id: None }
[iap2] RX 0x5001 -> Identified
[iap2] NowPlaying: NowPlaying { title: None, artist: None, album: None, genre: None, composer: None, duration_ms: None, track_number: None, track_count: None, elapsed_ms: Some(43990), playback_status: None, app: None, app_bundle_id: None }
[iap2] RX 0x5001 -> Identified
[iap2] NowPlaying: NowPlaying { title: None, artist: None, album: None, genre: None, composer: None, duration_ms: None, track_number: None, track_count: None, elapsed_ms: Some(44448), playback_status: None, app: None, app_bundle_id: None }
[iap2] RX 0x5001 -> Identified
[iap2] NowPlaying: NowPlaying { title: None, artist: None, album: None, genre: None, composer: None, duration_ms: None, track_number: None, track_count: None, elapsed_ms: Some(44906), playback_status: None, app: None, app_bundle_id: None }
[iap2] RX 0x5001 -> Identified
[iap2] RouteGuidance: RouteGuidance { route_state: Some(ProceedToRoute), maneuver_state: None, current_road: None, destination: Some("Home"), arrival_time_epoch_s: Some(1784916000), time_remaining_s: Some(2520), distance_remaining_m: Some(46030), distance_remaining_text: Some("29"), distance_remaining_units: Some(Miles), distance_to_next_maneuver_m: Some(178), distance_to_next_maneuver_text: Some("600"), distance_to_next_maneuver_units: Some(Feet), nav_app: Some("Apple Maps") }
[iap2] RX 0x5201 -> Identified
[iap2] NowPlaying: NowPlaying { title: None, artist: None, album: None, genre: None, composer: None, duration_ms: None, track_number: None, track_count: None, elapsed_ms: Some(45364), playback_status: None, app: None, app_bundle_id: None }
[iap2] RX 0x5001 -> Identified
[iap2] RouteGuidance: RouteGuidance { route_state: Some(ProceedToRoute), maneuver_state: None, current_road: None, destination: Some("Home"), arrival_time_epoch_s: Some(1784916000), time_remaining_s: Some(2520), distance_remaining_m: Some(46030), distance_remaining_text: Some("29"), distance_remaining_units: Some(Miles), distance_to_next_maneuver_m: Some(178), distance_to_next_maneuver_text: Some("600"), distance_to_next_maneuver_units: Some(Feet), nav_app: Some("Apple Maps") }
[iap2] RX 0x5201 -> Identified
[iap2] NowPlaying: NowPlaying { title: None, artist: None, album: None, genre: None, composer: None, duration_ms: None, track_number: None, track_count: None, elapsed_ms: Some(45824), playback_status: None, app: None, app_bundle_id: None }
[iap2] RX 0x5001 -> Identified
[iap2] NowPlaying: NowPlaying { title: None, artist: None, album: None, genre: None, composer: None, duration_ms: None, track_number: None, track_count: None, elapsed_ms: Some(46282), playback_status: None, app: None, app_bundle_id: None }
[iap2] RX 0x5001 -> Identified
[iap2] NowPlaying: NowPlaying { title: None, artist: None, album: None, genre: None, composer: None, duration_ms: None, track_number: None, track_count: None, elapsed_ms: Some(46742), playback_status: None, app: None, app_bundle_id: None }
[iap2] RX 0x5001 -> Identified
[iap2] NowPlaying: NowPlaying { title: None, artist: None, album: None, genre: None, composer: None, duration_ms: None, track_number: None, track_count: None, elapsed_ms: Some(47198), playback_status: None, app: None, app_bundle_id: None }
[iap2] RX 0x5001 -> Identified
[iap2] NowPlaying: NowPlaying { title: None, artist: None, album: None, genre: None, composer: None, duration_ms: None, track_number: None, track_count: None, elapsed_ms: Some(47656), playback_status: None, app: None, app_bundle_id: None }
[iap2] RX 0x5001 -> Identified
[iap2] NowPlaying: NowPlaying { title: None, artist: None, album: None, genre: None, composer: None, duration_ms: None, track_number: None, track_count: None, elapsed_ms: Some(48114), playback_status: None, app: None, app_bundle_id: None }
[iap2] RX 0x5001 -> Identified
[iap2] NowPlaying: NowPlaying { title: None, artist: None, album: None, genre: None, composer: None, duration_ms: None, track_number: None, track_count: None, elapsed_ms: Some(48571), playback_status: None, app: None, app_bundle_id: None }
[iap2] RX 0x5001 -> Identified
[iap2] NowPlaying: NowPlaying { title: None, artist: None, album: None, genre: None, composer: None, duration_ms: None, track_number: None, track_count: None, elapsed_ms: Some(49028), playback_status: None, app: None, app_bundle_id: None }
[iap2] RX 0x5001 -> Identified
[iap2] NowPlaying: NowPlaying { title: None, artist: None, album: None, genre: None, composer: None, duration_ms: None, track_number: None, track_count: None, elapsed_ms: Some(49484), playback_status: None, app: None, app_bundle_id: None }
[iap2] RX 0x5001 -> Identified
[iap2] NowPlaying: NowPlaying { title: None, artist: None, album: None, genre: None, composer: None, duration_ms: None, track_number: None, track_count: None, elapsed_ms: Some(49943), playback_status: None, app: None, app_bundle_id: None }
[iap2] RX 0x5001 -> Identified
[iap2] NowPlaying: NowPlaying { title: None, artist: None, album: None, genre: None, composer: None, duration_ms: None, track_number: None, track_count: None, elapsed_ms: Some(50400), playback_status: None, app: None, app_bundle_id: None }
[iap2] RX 0x5001 -> Identified
[iap2] NowPlaying: NowPlaying { title: None, artist: None, album: None, genre: None, composer: None, duration_ms: None, track_number: None, track_count: None, elapsed_ms: Some(50858), playback_status: None, app: None, app_bundle_id: None }
[iap2] RX 0x5001 -> Identified
[iap2] RouteGuidance: RouteGuidance { route_state: Some(ProceedToRoute), maneuver_state: None, current_road: None, destination: Some("Home"), arrival_time_epoch_s: Some(1784916000), time_remaining_s: Some(2520), distance_remaining_m: Some(46030), distance_remaining_text: Some("29"), distance_remaining_units: Some(Miles), distance_to_next_maneuver_m: Some(178), distance_to_next_maneuver_text: Some("600"), distance_to_next_maneuver_units: Some(Feet), nav_app: Some("Apple Maps") }
[iap2] RX 0x5201 -> Identified
[iap2] NowPlaying: NowPlaying { title: None, artist: None, album: None, genre: None, composer: None, duration_ms: None, track_number: None, track_count: None, elapsed_ms: Some(51315), playback_status: None, app: None, app_bundle_id: None }
[iap2] RX 0x5001 -> Identified
[iap2] RouteGuidance: RouteGuidance { route_state: Some(ProceedToRoute), maneuver_state: None, current_road: None, destination: Some("Home"), arrival_time_epoch_s: Some(1784916000), time_remaining_s: Some(2520), distance_remaining_m: Some(46030), distance_remaining_text: Some("29"), distance_remaining_units: Some(Miles), distance_to_next_maneuver_m: Some(178), distance_to_next_maneuver_text: Some("600"), distance_to_next_maneuver_units: Some(Feet), nav_app: Some("Apple Maps") }
[iap2] RX 0x5201 -> Identified
[iap2] RouteGuidance: RouteGuidance { route_state: Some(ProceedToRoute), maneuver_state: None, current_road: None, destination: Some("Home"), arrival_time_epoch_s: Some(1784916000), time_remaining_s: Some(2520), distance_remaining_m: Some(46030), distance_remaining_text: Some("29"), distance_remaining_units: Some(Miles), distance_to_next_maneuver_m: Some(178), distance_to_next_maneuver_text: Some("600"), distance_to_next_maneuver_units: Some(Feet), nav_app: Some("Apple Maps") }
[iap2] RX 0x5201 -> Identified
[iap2] NowPlaying: NowPlaying { title: None, artist: None, album: None, genre: None, composer: None, duration_ms: None, track_number: None, track_count: None, elapsed_ms: Some(51777), playback_status: None, app: None, app_bundle_id: None }
[iap2] RX 0x5001 -> Identified
[iap2] NowPlaying: NowPlaying { title: None, artist: None, album: None, genre: None, composer: None, duration_ms: None, track_number: None, track_count: None, elapsed_ms: Some(52235), playback_status: None, app: None, app_bundle_id: None }
[iap2] RX 0x5001 -> Identified
[iap2] NowPlaying: NowPlaying { title: None, artist: None, album: None, genre: None, composer: None, duration_ms: None, track_number: None, track_count: None, elapsed_ms: Some(52693), playback_status: None, app: None, app_bundle_id: None }
[iap2] RX 0x5001 -> Identified
[iap2] NowPlaying: NowPlaying { title: None, artist: None, album: None, genre: None, composer: None, duration_ms: None, track_number: None, track_count: None, elapsed_ms: Some(53151), playback_status: None, app: None, app_bundle_id: None }
[iap2] RX 0x5001 -> Identified
[iap2] NowPlaying: NowPlaying { title: None, artist: None, album: None, genre: None, composer: None, duration_ms: None, track_number: None, track_count: None, elapsed_ms: Some(53608), playback_status: None, app: None, app_bundle_id: None }
[iap2] RX 0x5001 -> Identified
[iap2] NowPlaying: NowPlaying { title: None, artist: None, album: None, genre: None, composer: None, duration_ms: None, track_number: None, track_count: None, elapsed_ms: Some(54066), playback_status: None, app: None, app_bundle_id: None }
[iap2] RX 0x5001 -> Identified
[iap2] NowPlaying: NowPlaying { title: None, artist: None, album: None, genre: None, composer: None, duration_ms: None, track_number: None, track_count: None, elapsed_ms: Some(54523), playback_status: None, app: None, app_bundle_id: None }
[iap2] RX 0x5001 -> Identified
[iap2] NowPlaying: NowPlaying { title: None, artist: None, album: None, genre: None, composer: None, duration_ms: None, track_number: None, track_count: None, elapsed_ms: Some(54980), playback_status: None, app: None, app_bundle_id: None }
[iap2] RX 0x5001 -> Identified
[iap2] NowPlaying: NowPlaying { title: None, artist: None, album: None, genre: None, composer: None, duration_ms: None, track_number: None, track_count: None, elapsed_ms: Some(55438), playback_status: None, app: None, app_bundle_id: None }
[iap2] RX 0x5001 -> Identified
[iap2] NowPlaying: NowPlaying { title: None, artist: None, album: None, genre: None, composer: None, duration_ms: None, track_number: None, track_count: None, elapsed_ms: Some(55894), playback_status: None, app: None, app_bundle_id: None }
[iap2] RX 0x5001 -> Identified
[iap2] NowPlaying: NowPlaying { title: None, artist: None, album: None, genre: None, composer: None, duration_ms: None, track_number: None, track_count: None, elapsed_ms: Some(56352), playback_status: None, app: None, app_bundle_id: None }
[iap2] RX 0x5001 -> Identified
[iap2] NowPlaying: NowPlaying { title: None, artist: None, album: None, genre: None, composer: None, duration_ms: None, track_number: None, track_count: None, elapsed_ms: Some(56809), playback_status: None, app: None, app_bundle_id: None }
[iap2] RX 0x5001 -> Identified
[iap2] NowPlaying: NowPlaying { title: None, artist: None, album: None, genre: None, composer: None, duration_ms: None, track_number: None, track_count: None, elapsed_ms: Some(57267), playback_status: None, app: None, app_bundle_id: None }
[iap2] RX 0x5001 -> Identified
[iap2] RouteGuidance: RouteGuidance { route_state: Some(ProceedToRoute), maneuver_state: None, current_road: None, destination: Some("Home"), arrival_time_epoch_s: Some(1784916000), time_remaining_s: Some(2520), distance_remaining_m: Some(46030), distance_remaining_text: Some("29"), distance_remaining_units: Some(Miles), distance_to_next_maneuver_m: Some(178), distance_to_next_maneuver_text: Some("600"), distance_to_next_maneuver_units: Some(Feet), nav_app: Some("Apple Maps") }
[iap2] RX 0x5201 -> Identified
[iap2] RouteGuidance: RouteGuidance { route_state: Some(ProceedToRoute), maneuver_state: None, current_road: None, destination: Some("Home"), arrival_time_epoch_s: Some(1784916000), time_remaining_s: Some(2520), distance_remaining_m: Some(46030), distance_remaining_text: Some("29"), distance_remaining_units: Some(Miles), distance_to_next_maneuver_m: Some(178), distance_to_next_maneuver_text: Some("600"), distance_to_next_maneuver_units: Some(Feet), nav_app: Some("Apple Maps") }
[iap2] RX 0x5201 -> Identified
[iap2] RouteGuidance: RouteGuidance { route_state: Some(ProceedToRoute), maneuver_state: None, current_road: None, destination: Some("Home"), arrival_time_epoch_s: Some(1784916000), time_remaining_s: Some(2520), distance_remaining_m: Some(46030), distance_remaining_text: Some("29"), distance_remaining_units: Some(Miles), distance_to_next_maneuver_m: Some(178), distance_to_next_maneuver_text: Some("600"), distance_to_next_maneuver_units: Some(Feet), nav_app: Some("Apple Maps") }
[iap2] RX 0x5201 -> Identified
[iap2] NowPlaying: NowPlaying { title: None, artist: None, album: None, genre: None, composer: None, duration_ms: None, track_number: None, track_count: None, elapsed_ms: Some(57725), playback_status: None, app: None, app_bundle_id: None }
[iap2] RX 0x5001 -> Identified
[iap2] NowPlaying: NowPlaying { title: None, artist: None, album: None, genre: None, composer: None, duration_ms: None, track_number: None, track_count: None, elapsed_ms: Some(58189), playback_status: None, app: None, app_bundle_id: None }
[iap2] RX 0x5001 -> Identified
[iap2] NowPlaying: NowPlaying { title: None, artist: None, album: None, genre: None, composer: None, duration_ms: None, track_number: None, track_count: None, elapsed_ms: Some(58649), playback_status: None, app: None, app_bundle_id: None }
[iap2] RX 0x5001 -> Identified
[iap2] NowPlaying: NowPlaying { title: None, artist: None, album: None, genre: None, composer: None, duration_ms: None, track_number: None, track_count: None, elapsed_ms: Some(59109), playback_status: None, app: None, app_bundle_id: None }
[iap2] RX 0x5001 -> Identified
[iap2] NowPlaying: NowPlaying { title: None, artist: None, album: None, genre: None, composer: None, duration_ms: None, track_number: None, track_count: None, elapsed_ms: Some(59567), playback_status: None, app: None, app_bundle_id: None }
[iap2] RX 0x5001 -> Identified
[iap2] NowPlaying: NowPlaying { title: None, artist: None, album: None, genre: None, composer: None, duration_ms: None, track_number: None, track_count: None, elapsed_ms: Some(60022), playback_status: None, app: None, app_bundle_id: None }
[iap2] RX 0x5001 -> Identified
[iap2] NowPlaying: NowPlaying { title: None, artist: None, album: None, genre: None, composer: None, duration_ms: None, track_number: None, track_count: None, elapsed_ms: Some(60482), playback_status: None, app: None, app_bundle_id: None }
[iap2] RX 0x5001 -> Identified
[iap2] NowPlaying: NowPlaying { title: None, artist: None, album: None, genre: None, composer: None, duration_ms: None, track_number: None, track_count: None, elapsed_ms: Some(60939), playback_status: None, app: None, app_bundle_id: None }
[iap2] RX 0x5001 -> Identified
[iap2] NowPlaying: NowPlaying { title: None, artist: None, album: None, genre: None, composer: None, duration_ms: None, track_number: None, track_count: None, elapsed_ms: Some(61395), playback_status: None, app: None, app_bundle_id: None }
[iap2] RX 0x5001 -> Identified
[iap2] NowPlaying: NowPlaying { title: None, artist: None, album: None, genre: None, composer: None, duration_ms: None, track_number: None, track_count: None, elapsed_ms: Some(61853), playback_status: None, app: None, app_bundle_id: None }
[iap2] RX 0x5001 -> Identified
[iap2] NowPlaying: NowPlaying { title: None, artist: None, album: None, genre: None, composer: None, duration_ms: None, track_number: None, track_count: None, elapsed_ms: Some(62310), playback_status: None, app: None, app_bundle_id: None }
[iap2] RX 0x5001 -> Identified
[iap2] NowPlaying: NowPlaying { title: None, artist: None, album: None, genre: None, composer: None, duration_ms: None, track_number: None, track_count: None, elapsed_ms: Some(62767), playback_status: None, app: None, app_bundle_id: None }
[iap2] RX 0x5001 -> Identified
[iap2] RouteGuidance: RouteGuidance { route_state: Some(ProceedToRoute), maneuver_state: None, current_road: None, destination: Some("Home"), arrival_time_epoch_s: Some(1784916000), time_remaining_s: Some(2520), distance_remaining_m: Some(46030), distance_remaining_text: Some("29"), distance_remaining_units: Some(Miles), distance_to_next_maneuver_m: Some(178), distance_to_next_maneuver_text: Some("600"), distance_to_next_maneuver_units: Some(Feet), nav_app: Some("Apple Maps") }
[iap2] RX 0x5201 -> Identified
[iap2] NowPlaying: NowPlaying { title: None, artist: None, album: None, genre: None, composer: None, duration_ms: None, track_number: None, track_count: None, elapsed_ms: Some(63225), playback_status: None, app: None, app_bundle_id: None }
[iap2] RX 0x5001 -> Identified
[iap2] RouteGuidance: RouteGuidance { route_state: Some(ProceedToRoute), maneuver_state: None, current_road: None, destination: Some("Home"), arrival_time_epoch_s: Some(1784916000), time_remaining_s: Some(2520), distance_remaining_m: Some(46030), distance_remaining_text: Some("29"), distance_remaining_units: Some(Miles), distance_to_next_maneuver_m: Some(178), distance_to_next_maneuver_text: Some("600"), distance_to_next_maneuver_units: Some(Feet), nav_app: Some("Apple Maps") }
[iap2] RX 0x5201 -> Identified
[iap2] NowPlaying: NowPlaying { title: None, artist: None, album: None, genre: None, composer: None, duration_ms: None, track_number: None, track_count: None, elapsed_ms: Some(63684), playback_status: None, app: None, app_bundle_id: None }
[iap2] RX 0x5001 -> Identified
[iap2] NowPlaying: NowPlaying { title: None, artist: None, album: None, genre: None, composer: None, duration_ms: None, track_number: None, track_count: None, elapsed_ms: Some(64142), playback_status: None, app: None, app_bundle_id: None }
[iap2] RX 0x5001 -> Identified
[iap2] NowPlaying: NowPlaying { title: None, artist: None, album: None, genre: None, composer: None, duration_ms: None, track_number: None, track_count: None, elapsed_ms: Some(64599), playback_status: None, app: None, app_bundle_id: None }
[iap2] RX 0x5001 -> Identified
[iap2] NowPlaying: NowPlaying { title: None, artist: None, album: None, genre: None, composer: None, duration_ms: None, track_number: None, track_count: None, elapsed_ms: Some(65057), playback_status: None, app: None, app_bundle_id: None }
[iap2] RX 0x5001 -> Identified
[iap2] NowPlaying: NowPlaying { title: None, artist: None, album: None, genre: None, composer: None, duration_ms: None, track_number: None, track_count: None, elapsed_ms: Some(65514), playback_status: None, app: None, app_bundle_id: None }
[iap2] RX 0x5001 -> Identified
[iap2] NowPlaying: NowPlaying { title: None, artist: None, album: None, genre: None, composer: None, duration_ms: None, track_number: None, track_count: None, elapsed_ms: Some(65971), playback_status: None, app: None, app_bundle_id: None }
[iap2] RX 0x5001 -> Identified
[iap2] NowPlaying: NowPlaying { title: None, artist: None, album: None, genre: None, composer: None, duration_ms: None, track_number: None, track_count: None, elapsed_ms: Some(66429), playback_status: None, app: None, app_bundle_id: None }
[iap2] RX 0x5001 -> Identified
[iap2] NowPlaying: NowPlaying { title: None, artist: None, album: None, genre: None, composer: None, duration_ms: None, track_number: None, track_count: None, elapsed_ms: Some(66888), playback_status: None, app: None, app_bundle_id: None }
[iap2] RX 0x5001 -> Identified
[iap2] NowPlaying: NowPlaying { title: None, artist: None, album: None, genre: None, composer: None, duration_ms: None, track_number: None, track_count: None, elapsed_ms: Some(67345), playback_status: None, app: None, app_bundle_id: None }
[iap2] RX 0x5001 -> Identified
[iap2] NowPlaying: NowPlaying { title: None, artist: None, album: None, genre: None, composer: None, duration_ms: None, track_number: None, track_count: None, elapsed_ms: Some(67803), playback_status: None, app: None, app_bundle_id: None }
[iap2] RX 0x5001 -> Identified
[iap2] NowPlaying: NowPlaying { title: None, artist: None, album: None, genre: None, composer: None, duration_ms: None, track_number: None, track_count: None, elapsed_ms: Some(68260), playback_status: None, app: None, app_bundle_id: None }
[iap2] RX 0x5001 -> Identified
[iap2] NowPlaying: NowPlaying { title: None, artist: None, album: None, genre: None, composer: None, duration_ms: None, track_number: None, track_count: None, elapsed_ms: Some(68717), playback_status: None, app: None, app_bundle_id: None }
[iap2] RX 0x5001 -> Identified
[iap2] RouteGuidance: RouteGuidance { route_state: Some(ProceedToRoute), maneuver_state: None, current_road: None, destination: Some("Home"), arrival_time_epoch_s: Some(1784916000), time_remaining_s: Some(2520), distance_remaining_m: Some(46030), distance_remaining_text: Some("29"), distance_remaining_units: Some(Miles), distance_to_next_maneuver_m: Some(178), distance_to_next_maneuver_text: Some("600"), distance_to_next_maneuver_units: Some(Feet), nav_app: Some("Apple Maps") }
[iap2] RX 0x5201 -> Identified
[iap2] NowPlaying: NowPlaying { title: None, artist: None, album: None, genre: None, composer: None, duration_ms: None, track_number: None, track_count: None, elapsed_ms: Some(69174), playback_status: None, app: None, app_bundle_id: None }
[iap2] RX 0x5001 -> Identified
[iap2] RouteGuidance: RouteGuidance { route_state: Some(ProceedToRoute), maneuver_state: None, current_road: None, destination: Some("Home"), arrival_time_epoch_s: Some(1784916000), time_remaining_s: Some(2520), distance_remaining_m: Some(46030), distance_remaining_text: Some("29"), distance_remaining_units: Some(Miles), distance_to_next_maneuver_m: Some(178), distance_to_next_maneuver_text: Some("600"), distance_to_next_maneuver_units: Some(Feet), nav_app: Some("Apple Maps") }
[iap2] RX 0x5201 -> Identified
[iap2] NowPlaying: NowPlaying { title: None, artist: None, album: None, genre: None, composer: None, duration_ms: None, track_number: None, track_count: None, elapsed_ms: Some(69636), playback_status: None, app: None, app_bundle_id: None }
[iap2] RX 0x5001 -> Identified
[iap2] NowPlaying: NowPlaying { title: None, artist: None, album: None, genre: None, composer: None, duration_ms: None, track_number: None, track_count: None, elapsed_ms: Some(70093), playback_status: None, app: None, app_bundle_id: None }
[iap2] RX 0x5001 -> Identified
[iap2] NowPlaying: NowPlaying { title: None, artist: None, album: None, genre: None, composer: None, duration_ms: None, track_number: None, track_count: None, elapsed_ms: Some(70550), playback_status: None, app: None, app_bundle_id: None }
[iap2] RX 0x5001 -> Identified
[iap2] NowPlaying: NowPlaying { title: None, artist: None, album: None, genre: None, composer: None, duration_ms: None, track_number: None, track_count: None, elapsed_ms: Some(71009), playback_status: None, app: None, app_bundle_id: None }
[iap2] RX 0x5001 -> Identified
[iap2] NowPlaying: NowPlaying { title: None, artist: None, album: None, genre: None, composer: None, duration_ms: None, track_number: None, track_count: None, elapsed_ms: Some(71467), playback_status: None, app: None, app_bundle_id: None }
[iap2] RX 0x5001 -> Identified
[iap2] NowPlaying: NowPlaying { title: None, artist: None, album: None, genre: None, composer: None, duration_ms: None, track_number: None, track_count: None, elapsed_ms: Some(71927), playback_status: None, app: None, app_bundle_id: None }
[iap2] RX 0x5001 -> Identified
[iap2] NowPlaying: NowPlaying { title: None, artist: None, album: None, genre: None, composer: None, duration_ms: None, track_number: None, track_count: None, elapsed_ms: Some(72384), playback_status: None, app: None, app_bundle_id: None }
[iap2] RX 0x5001 -> Identified
[iap2] NowPlaying: NowPlaying { title: None, artist: None, album: None, genre: None, composer: None, duration_ms: None, track_number: None, track_count: None, elapsed_ms: Some(72842), playback_status: None, app: None, app_bundle_id: None }
[iap2] RX 0x5001 -> Identified
[iap2] NowPlaying: NowPlaying { title: None, artist: None, album: None, genre: None, composer: None, duration_ms: None, track_number: None, track_count: None, elapsed_ms: Some(73297), playback_status: None, app: None, app_bundle_id: None }
[iap2] RX 0x5001 -> Identified
[iap2] NowPlaying: NowPlaying { title: None, artist: None, album: None, genre: None, composer: None, duration_ms: None, track_number: None, track_count: None, elapsed_ms: Some(73755), playback_status: None, app: None, app_bundle_id: None }
[iap2] RX 0x5001 -> Identified
[iap2] NowPlaying: NowPlaying { title: None, artist: None, album: None, genre: None, composer: None, duration_ms: None, track_number: None, track_count: None, elapsed_ms: Some(74212), playback_status: None, app: None, app_bundle_id: None }
[iap2] RX 0x5001 -> Identified
[iap2] NowPlaying: NowPlaying { title: None, artist: None, album: None, genre: None, composer: None, duration_ms: None, track_number: None, track_count: None, elapsed_ms: Some(74670), playback_status: None, app: None, app_bundle_id: None }
[iap2] RX 0x5001 -> Identified
[iap2] RouteGuidance: RouteGuidance { route_state: Some(ProceedToRoute), maneuver_state: None, current_road: None, destination: Some("Home"), arrival_time_epoch_s: Some(1784916000), time_remaining_s: Some(2460), distance_remaining_m: Some(46030), distance_remaining_text: Some("29"), distance_remaining_units: Some(Miles), distance_to_next_maneuver_m: Some(178), distance_to_next_maneuver_text: Some("600"), distance_to_next_maneuver_units: Some(Feet), nav_app: Some("Apple Maps") }
[iap2] RX 0x5201 -> Identified
[iap2] NowPlaying: NowPlaying { title: None, artist: None, album: None, genre: None, composer: None, duration_ms: None, track_number: None, track_count: None, elapsed_ms: Some(75127), playback_status: None, app: None, app_bundle_id: None }
[iap2] RX 0x5001 -> Identified
[iap2] RouteGuidance: RouteGuidance { route_state: Some(ProceedToRoute), maneuver_state: None, current_road: None, destination: Some("Home"), arrival_time_epoch_s: Some(1784916000), time_remaining_s: Some(2460), distance_remaining_m: Some(46030), distance_remaining_text: Some("29"), distance_remaining_units: Some(Miles), distance_to_next_maneuver_m: Some(178), distance_to_next_maneuver_text: Some("600"), distance_to_next_maneuver_units: Some(Feet), nav_app: Some("Apple Maps") }
[iap2] RX 0x5201 -> Identified
[iap2] RouteGuidance: RouteGuidance { route_state: Some(ProceedToRoute), maneuver_state: None, current_road: None, destination: Some("Home"), arrival_time_epoch_s: Some(1784916000), time_remaining_s: Some(2460), distance_remaining_m: Some(46030), distance_remaining_text: Some("29"), distance_remaining_units: Some(Miles), distance_to_next_maneuver_m: Some(178), distance_to_next_maneuver_text: Some("600"), distance_to_next_maneuver_units: Some(Feet), nav_app: Some("Apple Maps") }
[iap2] RX 0x5201 -> Identified
[iap2] NowPlaying: NowPlaying { title: None, artist: None, album: None, genre: None, composer: None, duration_ms: None, track_number: None, track_count: None, elapsed_ms: Some(75587), playback_status: None, app: None, app_bundle_id: None }
[iap2] RX 0x5001 -> Identified
[iap2] NowPlaying: NowPlaying { title: None, artist: None, album: None, genre: None, composer: None, duration_ms: None, track_number: None, track_count: None, elapsed_ms: Some(76047), playback_status: None, app: None, app_bundle_id: None }
[iap2] RX 0x5001 -> Identified
[iap2] NowPlaying: NowPlaying { title: None, artist: None, album: None, genre: None, composer: None, duration_ms: None, track_number: None, track_count: None, elapsed_ms: Some(76504), playback_status: None, app: None, app_bundle_id: None }
[iap2] RX 0x5001 -> Identified
[iap2] NowPlaying: NowPlaying { title: None, artist: None, album: None, genre: None, composer: None, duration_ms: None, track_number: None, track_count: None, elapsed_ms: Some(76962), playback_status: None, app: None, app_bundle_id: None }
[iap2] RX 0x5001 -> Identified
[iap2] NowPlaying: NowPlaying { title: None, artist: None, album: None, genre: None, composer: None, duration_ms: None, track_number: None, track_count: None, elapsed_ms: Some(77419), playback_status: None, app: None, app_bundle_id: None }
[iap2] RX 0x5001 -> Identified
[iap2] NowPlaying: NowPlaying { title: None, artist: None, album: None, genre: None, composer: None, duration_ms: None, track_number: None, track_count: None, elapsed_ms: Some(77876), playback_status: None, app: None, app_bundle_id: None }
[iap2] RX 0x5001 -> Identified
[iap2] NowPlaying: NowPlaying { title: None, artist: None, album: None, genre: None, composer: None, duration_ms: None, track_number: None, track_count: None, elapsed_ms: Some(78334), playback_status: None, app: None, app_bundle_id: None }
[iap2] RX 0x5001 -> Identified
[iap2] NowPlaying: NowPlaying { title: None, artist: None, album: None, genre: None, composer: None, duration_ms: None, track_number: None, track_count: None, elapsed_ms: Some(78791), playback_status: None, app: None, app_bundle_id: None }
[iap2] RX 0x5001 -> Identified
[iap2] NowPlaying: NowPlaying { title: None, artist: None, album: None, genre: None, composer: None, duration_ms: None, track_number: None, track_count: None, elapsed_ms: Some(79248), playback_status: None, app: None, app_bundle_id: None }
[iap2] RX 0x5001 -> Identified
[iap2] NowPlaying: NowPlaying { title: None, artist: None, album: None, genre: None, composer: None, duration_ms: None, track_number: None, track_count: None, elapsed_ms: Some(79705), playback_status: None, app: None, app_bundle_id: None }
[iap2] RX 0x5001 -> Identified
[iap2] NowPlaying: NowPlaying { title: None, artist: None, album: None, genre: None, composer: None, duration_ms: None, track_number: None, track_count: None, elapsed_ms: Some(80163), playback_status: None, app: None, app_bundle_id: None }
[iap2] RX 0x5001 -> Identified
[meta] forwarded 200 metadata messages to the host
[iap2] RouteGuidance: RouteGuidance { route_state: Some(ProceedToRoute), maneuver_state: None, current_road: None, destination: Some("Home"), arrival_time_epoch_s: Some(1784916000), time_remaining_s: Some(2460), distance_remaining_m: Some(46030), distance_remaining_text: Some("29"), distance_remaining_units: Some(Miles), distance_to_next_maneuver_m: Some(178), distance_to_next_maneuver_text: Some("600"), distance_to_next_maneuver_units: Some(Feet), nav_app: Some("Apple Maps") }
[iap2] RX 0x5201 -> Identified
[iap2] NowPlaying: NowPlaying { title: None, artist: None, album: None, genre: None, composer: None, duration_ms: None, track_number: None, track_count: None, elapsed_ms: Some(80621), playback_status: None, app: None, app_bundle_id: None }
[iap2] RX 0x5001 -> Identified
[iap2] RouteGuidance: RouteGuidance { route_state: Some(ProceedToRoute), maneuver_state: None, current_road: None, destination: Some("Home"), arrival_time_epoch_s: Some(1784916000), time_remaining_s: Some(2460), distance_remaining_m: Some(46030), distance_remaining_text: Some("29"), distance_remaining_units: Some(Miles), distance_to_next_maneuver_m: Some(178), distance_to_next_maneuver_text: Some("600"), distance_to_next_maneuver_units: Some(Feet), nav_app: Some("Apple Maps") }
[iap2] RX 0x5201 -> Identified
[iap2] NowPlaying: NowPlaying { title: None, artist: None, album: None, genre: None, composer: None, duration_ms: None, track_number: None, track_count: None, elapsed_ms: Some(81080), playback_status: None, app: None, app_bundle_id: None }
[iap2] RX 0x5001 -> Identified
[iap2] NowPlaying: NowPlaying { title: None, artist: None, album: None, genre: None, composer: None, duration_ms: None, track_number: None, track_count: None, elapsed_ms: Some(81540), playback_status: None, app: None, app_bundle_id: None }
[iap2] RX 0x5001 -> Identified
[iap2] NowPlaying: NowPlaying { title: None, artist: None, album: None, genre: None, composer: None, duration_ms: None, track_number: None, track_count: None, elapsed_ms: Some(81999), playback_status: None, app: None, app_bundle_id: None }
[iap2] RX 0x5001 -> Identified
[iap2] NowPlaying: NowPlaying { title: None, artist: None, album: None, genre: None, composer: None, duration_ms: None, track_number: None, track_count: None, elapsed_ms: Some(82456), playback_status: None, app: None, app_bundle_id: None }
[iap2] RX 0x5001 -> Identified
[iap2] NowPlaying: NowPlaying { title: None, artist: None, album: None, genre: None, composer: None, duration_ms: None, track_number: None, track_count: None, elapsed_ms: Some(82914), playback_status: None, app: None, app_bundle_id: None }
[iap2] RX 0x5001 -> Identified
[iap2] NowPlaying: NowPlaying { title: None, artist: None, album: None, genre: None, composer: None, duration_ms: None, track_number: None, track_count: None, elapsed_ms: Some(83372), playback_status: None, app: None, app_bundle_id: None }
[iap2] RX 0x5001 -> Identified
[iap2] NowPlaying: NowPlaying { title: None, artist: None, album: None, genre: None, composer: None, duration_ms: None, track_number: None, track_count: None, elapsed_ms: Some(83830), playback_status: None, app: None, app_bundle_id: None }
[iap2] RX 0x5001 -> Identified
[iap2] NowPlaying: NowPlaying { title: None, artist: None, album: None, genre: None, composer: None, duration_ms: None, track_number: None, track_count: None, elapsed_ms: Some(84288), playback_status: None, app: None, app_bundle_id: None }
[iap2] RX 0x5001 -> Identified
[iap2] NowPlaying: NowPlaying { title: None, artist: None, album: None, genre: None, composer: None, duration_ms: None, track_number: None, track_count: None, elapsed_ms: Some(84752), playback_status: None, app: None, app_bundle_id: None }
[iap2] RX 0x5001 -> Identified
[meta] seam write failed — reconnecting on next message
[iap2] NowPlaying: NowPlaying { title: None, artist: None, album: None, genre: None, composer: None, duration_ms: None, track_number: None, track_count: None, elapsed_ms: Some(85207), playback_status: None, app: None, app_bundle_id: None }
[iap2] RX 0x5001 -> Identified
[meta] connected to ocbmd metadata seam 127.0.0.1:9004
[iap2] NowPlaying: NowPlaying { title: None, artist: None, album: None, genre: None, composer: None, duration_ms: None, track_number: None, track_count: None, elapsed_ms: Some(85664), playback_status: None, app: None, app_bundle_id: None }
[iap2] RX 0x5001 -> Identified
[iap2] NowPlaying: NowPlaying { title: None, artist: None, album: None, genre: None, composer: None, duration_ms: None, track_number: None, track_count: None, elapsed_ms: Some(86124), playback_status: None, app: None, app_bundle_id: None }
[iap2] RX 0x5001 -> Identified
[iap2] RouteGuidance: RouteGuidance { route_state: Some(ProceedToRoute), maneuver_state: None, current_road: None, destination: Some("Home"), arrival_time_epoch_s: Some(1784916000), time_remaining_s: Some(2460), distance_remaining_m: Some(46030), distance_remaining_text: Some("29"), distance_remaining_units: Some(Miles), distance_to_next_maneuver_m: Some(178), distance_to_next_maneuver_text: Some("600"), distance_to_next_maneuver_units: Some(Feet), nav_app: Some("Apple Maps") }
[iap2] RX 0x5201 -> Identified
[iap2] NowPlaying: NowPlaying { title: None, artist: None, album: None, genre: None, composer: None, duration_ms: None, track_number: None, track_count: None, elapsed_ms: Some(86582), playback_status: None, app: None, app_bundle_id: None }
[iap2] RX 0x5001 -> Identified
[iap2] RouteGuidance: RouteGuidance { route_state: Some(ProceedToRoute), maneuver_state: None, current_road: None, destination: Some("Home"), arrival_time_epoch_s: Some(1784916000), time_remaining_s: Some(2460), distance_remaining_m: Some(46030), distance_remaining_text: Some("29"), distance_remaining_units: Some(Miles), distance_to_next_maneuver_m: Some(178), distance_to_next_maneuver_text: Some("600"), distance_to_next_maneuver_units: Some(Feet), nav_app: Some("Apple Maps") }
[iap2] RX 0x5201 -> Identified
[iap2] NowPlaying: NowPlaying { title: None, artist: None, album: None, genre: None, composer: None, duration_ms: None, track_number: None, track_count: None, elapsed_ms: Some(87043), playback_status: None, app: None, app_bundle_id: None }
[iap2] RX 0x5001 -> Identified
[iap2] NowPlaying: NowPlaying { title: None, artist: None, album: None, genre: None, composer: None, duration_ms: None, track_number: None, track_count: None, elapsed_ms: Some(87501), playback_status: None, app: None, app_bundle_id: None }
[iap2] RX 0x5001 -> Identified
[iap2] NowPlaying: NowPlaying { title: None, artist: None, album: None, genre: None, composer: None, duration_ms: None, track_number: None, track_count: None, elapsed_ms: Some(87959), playback_status: None, app: None, app_bundle_id: None }
[iap2] RX 0x5001 -> Identified
[iap2] NowPlaying: NowPlaying { title: None, artist: None, album: None, genre: None, composer: None, duration_ms: None, track_number: None, track_count: None, elapsed_ms: Some(88415), playback_status: None, app: None, app_bundle_id: None }
[iap2] RX 0x5001 -> Identified
[iap2] NowPlaying: NowPlaying { title: None, artist: None, album: None, genre: None, composer: None, duration_ms: None, track_number: None, track_count: None, elapsed_ms: Some(88872), playback_status: None, app: None, app_bundle_id: None }
[iap2] RX 0x5001 -> Identified
[iap2] NowPlaying: NowPlaying { title: None, artist: None, album: None, genre: None, composer: None, duration_ms: None, track_number: None, track_count: None, elapsed_ms: Some(89330), playback_status: None, app: None, app_bundle_id: None }
[iap2] RX 0x5001 -> Identified
[iap2] NowPlaying: NowPlaying { title: None, artist: None, album: None, genre: None, composer: None, duration_ms: None, track_number: None, track_count: None, elapsed_ms: Some(89787), playback_status: None, app: None, app_bundle_id: None }
[iap2] RX 0x5001 -> Identified
[iap2] NowPlaying: NowPlaying { title: None, artist: None, album: None, genre: None, composer: None, duration_ms: None, track_number: None, track_count: None, elapsed_ms: Some(90245), playback_status: None, app: None, app_bundle_id: None }
[iap2] RX 0x5001 -> Identified
[iap2] NowPlaying: NowPlaying { title: None, artist: None, album: None, genre: None, composer: None, duration_ms: None, track_number: None, track_count: None, elapsed_ms: Some(90703), playback_status: None, app: None, app_bundle_id: None }
[iap2] RX 0x5001 -> Identified
[iap2] NowPlaying: NowPlaying { title: None, artist: None, album: None, genre: None, composer: None, duration_ms: None, track_number: None, track_count: None, elapsed_ms: Some(91161), playback_status: None, app: None, app_bundle_id: None }
[iap2] RX 0x5001 -> Identified
[iap2] NowPlaying: NowPlaying { title: None, artist: None, album: None, genre: None, composer: None, duration_ms: None, track_number: None, track_count: None, elapsed_ms: Some(91617), playback_status: None, app: None, app_bundle_id: None }
[iap2] RX 0x5001 -> Identified
[iap2] NowPlaying: NowPlaying { title: None, artist: None, album: None, genre: None, composer: None, duration_ms: None, track_number: None, track_count: None, elapsed_ms: Some(92074), playback_status: None, app: None, app_bundle_id: None }
[iap2] RX 0x5001 -> Identified
[iap2] RouteGuidance: RouteGuidance { route_state: Some(ProceedToRoute), maneuver_state: None, current_road: None, destination: Some("Home"), arrival_time_epoch_s: Some(1784916000), time_remaining_s: Some(2460), distance_remaining_m: Some(46030), distance_remaining_text: Some("29"), distance_remaining_units: Some(Miles), distance_to_next_maneuver_m: Some(178), distance_to_next_maneuver_text: Some("600"), distance_to_next_maneuver_units: Some(Feet), nav_app: Some("Apple Maps") }
[iap2] RX 0x5201 -> Identified
[iap2] NowPlaying: NowPlaying { title: None, artist: None, album: None, genre: None, composer: None, duration_ms: None, track_number: None, track_count: None, elapsed_ms: Some(92533), playback_status: None, app: None, app_bundle_id: None }
[iap2] RX 0x5001 -> Identified
[iap2] RouteGuidance: RouteGuidance { route_state: Some(ProceedToRoute), maneuver_state: None, current_road: None, destination: Some("Home"), arrival_time_epoch_s: Some(1784916000), time_remaining_s: Some(2460), distance_remaining_m: Some(46030), distance_remaining_text: Some("29"), distance_remaining_units: Some(Miles), distance_to_next_maneuver_m: Some(178), distance_to_next_maneuver_text: Some("600"), distance_to_next_maneuver_units: Some(Feet), nav_app: Some("Apple Maps") }
[iap2] RX 0x5201 -> Identified
[iap2] RouteGuidance: RouteGuidance { route_state: Some(ProceedToRoute), maneuver_state: None, current_road: None, destination: Some("Home"), arrival_time_epoch_s: Some(1784916000), time_remaining_s: Some(2460), distance_remaining_m: Some(46030), distance_remaining_text: Some("29"), distance_remaining_units: Some(Miles), distance_to_next_maneuver_m: Some(178), distance_to_next_maneuver_text: Some("600"), distance_to_next_maneuver_units: Some(Feet), nav_app: Some("Apple Maps") }
[iap2] RX 0x5201 -> Identified
[iap2] NowPlaying: NowPlaying { title: None, artist: None, album: None, genre: None, composer: None, duration_ms: None, track_number: None, track_count: None, elapsed_ms: Some(92991), playback_status: None, app: None, app_bundle_id: None }
[iap2] RX 0x5001 -> Identified
[iap2] NowPlaying: NowPlaying { title: None, artist: None, album: None, genre: None, composer: None, duration_ms: None, track_number: None, track_count: None, elapsed_ms: Some(93452), playback_status: None, app: None, app_bundle_id: None }
[iap2] RX 0x5001 -> Identified
[iap2] NowPlaying: NowPlaying { title: None, artist: None, album: None, genre: None, composer: None, duration_ms: None, track_number: None, track_count: None, elapsed_ms: Some(93909), playback_status: None, app: None, app_bundle_id: None }
[iap2] RX 0x5001 -> Identified
[iap2] NowPlaying: NowPlaying { title: None, artist: None, album: None, genre: None, composer: None, duration_ms: None, track_number: None, track_count: None, elapsed_ms: Some(94366), playback_status: None, app: None, app_bundle_id: None }
[iap2] RX 0x5001 -> Identified
[iap2] NowPlaying: NowPlaying { title: None, artist: None, album: None, genre: None, composer: None, duration_ms: None, track_number: None, track_count: None, elapsed_ms: Some(94824), playback_status: None, app: None, app_bundle_id: None }
[iap2] RX 0x5001 -> Identified
[iap2] NowPlaying: NowPlaying { title: None, artist: None, album: None, genre: None, composer: None, duration_ms: None, track_number: None, track_count: None, elapsed_ms: Some(95281), playback_status: None, app: None, app_bundle_id: None }
[iap2] RX 0x5001 -> Identified
[iap2] NowPlaying: NowPlaying { title: None, artist: None, album: None, genre: None, composer: None, duration_ms: None, track_number: None, track_count: None, elapsed_ms: Some(95739), playback_status: None, app: None, app_bundle_id: None }
[iap2] RX 0x5001 -> Identified
[iap2] NowPlaying: NowPlaying { title: None, artist: None, album: None, genre: None, composer: None, duration_ms: None, track_number: None, track_count: None, elapsed_ms: Some(96196), playback_status: None, app: None, app_bundle_id: None }
[iap2] RX 0x5001 -> Identified
[iap2] NowPlaying: NowPlaying { title: None, artist: None, album: None, genre: None, composer: None, duration_ms: None, track_number: None, track_count: None, elapsed_ms: Some(96653), playback_status: None, app: None, app_bundle_id: None }
[iap2] RX 0x5001 -> Identified
[iap2] NowPlaying: NowPlaying { title: None, artist: None, album: None, genre: None, composer: None, duration_ms: None, track_number: None, track_count: None, elapsed_ms: Some(97111), playback_status: None, app: None, app_bundle_id: None }
[iap2] RX 0x5001 -> Identified
[iap2] NowPlaying: NowPlaying { title: None, artist: None, album: None, genre: None, composer: None, duration_ms: None, track_number: None, track_count: None, elapsed_ms: Some(97568), playback_status: None, app: None, app_bundle_id: None }
[iap2] RX 0x5001 -> Identified
[iap2] NowPlaying: NowPlaying { title: None, artist: None, album: None, genre: None, composer: None, duration_ms: None, track_number: None, track_count: None, elapsed_ms: Some(98025), playback_status: None, app: None, app_bundle_id: None }
[iap2] RX 0x5001 -> Identified
[iap2] RouteGuidance: RouteGuidance { route_state: Some(ProceedToRoute), maneuver_state: None, current_road: None, destination: Some("Home"), arrival_time_epoch_s: Some(1784916000), time_remaining_s: Some(2460), distance_remaining_m: Some(46030), distance_remaining_text: Some("29"), distance_remaining_units: Some(Miles), distance_to_next_maneuver_m: Some(178), distance_to_next_maneuver_text: Some("600"), distance_to_next_maneuver_units: Some(Feet), nav_app: Some("Apple Maps") }
[iap2] RX 0x5201 -> Identified
[iap2] NowPlaying: NowPlaying { title: None, artist: None, album: None, genre: None, composer: None, duration_ms: None, track_number: None, track_count: None, elapsed_ms: Some(98482), playback_status: None, app: None, app_bundle_id: None }
[iap2] RX 0x5001 -> Identified
[iap2] RouteGuidance: RouteGuidance { route_state: Some(ProceedToRoute), maneuver_state: None, current_road: None, destination: Some("Home"), arrival_time_epoch_s: Some(1784916000), time_remaining_s: Some(2460), distance_remaining_m: Some(46030), distance_remaining_text: Some("29"), distance_remaining_units: Some(Miles), distance_to_next_maneuver_m: Some(178), distance_to_next_maneuver_text: Some("600"), distance_to_next_maneuver_units: Some(Feet), nav_app: Some("Apple Maps") }
[iap2] RX 0x5201 -> Identified
[iap2] NowPlaying: NowPlaying { title: None, artist: None, album: None, genre: None, composer: None, duration_ms: None, track_number: None, track_count: None, elapsed_ms: Some(98941), playback_status: None, app: None, app_bundle_id: None }
[iap2] RX 0x5001 -> Identified
[iap2] RouteGuidance: RouteGuidance { route_state: Some(ProceedToRoute), maneuver_state: None, current_road: None, destination: Some("Home"), arrival_time_epoch_s: Some(1784916000), time_remaining_s: Some(2460), distance_remaining_m: Some(46030), distance_remaining_text: Some("29"), distance_remaining_units: Some(Miles), distance_to_next_maneuver_m: Some(178), distance_to_next_maneuver_text: Some("600"), distance_to_next_maneuver_units: Some(Feet), nav_app: Some("Apple Maps") }
[iap2] RX 0x5201 -> Identified
[iap2] NowPlaying: NowPlaying { title: None, artist: None, album: None, genre: None, composer: None, duration_ms: None, track_number: None, track_count: None, elapsed_ms: Some(99400), playback_status: None, app: None, app_bundle_id: None }
[iap2] RX 0x5001 -> Identified
[iap2] NowPlaying: NowPlaying { title: None, artist: None, album: None, genre: None, composer: None, duration_ms: None, track_number: None, track_count: None, elapsed_ms: Some(99859), playback_status: None, app: None, app_bundle_id: None }
[iap2] RX 0x5001 -> Identified
[iap2] NowPlaying: NowPlaying { title: None, artist: None, album: None, genre: None, composer: None, duration_ms: None, track_number: None, track_count: None, elapsed_ms: Some(100316), playback_status: None, app: None, app_bundle_id: None }
[iap2] RX 0x5001 -> Identified
[iap2] NowPlaying: NowPlaying { title: None, artist: None, album: None, genre: None, composer: None, duration_ms: None, track_number: None, track_count: None, elapsed_ms: Some(100775), playback_status: None, app: None, app_bundle_id: None }
[iap2] RX 0x5001 -> Identified
[iap2] NowPlaying: NowPlaying { title: None, artist: None, album: None, genre: None, composer: None, duration_ms: None, track_number: None, track_count: None, elapsed_ms: Some(101233), playback_status: None, app: None, app_bundle_id: None }
[iap2] RX 0x5001 -> Identified
[iap2] NowPlaying: NowPlaying { title: None, artist: None, album: None, genre: None, composer: None, duration_ms: None, track_number: None, track_count: None, elapsed_ms: Some(101689), playback_status: None, app: None, app_bundle_id: None }
[iap2] RX 0x5001 -> Identified
[iap2] NowPlaying: NowPlaying { title: None, artist: None, album: None, genre: None, composer: None, duration_ms: None, track_number: None, track_count: None, elapsed_ms: Some(102148), playback_status: None, app: None, app_bundle_id: None }
[iap2] RX 0x5001 -> Identified
[iap2] NowPlaying: NowPlaying { title: None, artist: None, album: None, genre: None, composer: None, duration_ms: None, track_number: None, track_count: None, elapsed_ms: Some(102604), playback_status: None, app: None, app_bundle_id: None }
[iap2] RX 0x5001 -> Identified
[iap2] NowPlaying: NowPlaying { title: None, artist: None, album: None, genre: None, composer: None, duration_ms: None, track_number: None, track_count: None, elapsed_ms: Some(103063), playback_status: None, app: None, app_bundle_id: None }
[iap2] RX 0x5001 -> Identified
[iap2] NowPlaying: NowPlaying { title: None, artist: None, album: None, genre: None, composer: None, duration_ms: None, track_number: None, track_count: None, elapsed_ms: Some(103520), playback_status: None, app: None, app_bundle_id: None }
[iap2] RX 0x5001 -> Identified
[iap2] NowPlaying: NowPlaying { title: None, artist: None, album: None, genre: None, composer: None, duration_ms: None, track_number: None, track_count: None, elapsed_ms: Some(103976), playback_status: None, app: None, app_bundle_id: None }
[iap2] RX 0x5001 -> Identified
[iap2] RouteGuidance: RouteGuidance { route_state: Some(ProceedToRoute), maneuver_state: None, current_road: None, destination: Some("Home"), arrival_time_epoch_s: Some(1784916000), time_remaining_s: Some(2460), distance_remaining_m: Some(46030), distance_remaining_text: Some("29"), distance_remaining_units: Some(Miles), distance_to_next_maneuver_m: Some(178), distance_to_next_maneuver_text: Some("600"), distance_to_next_maneuver_units: Some(Feet), nav_app: Some("Apple Maps") }
[iap2] RX 0x5201 -> Identified
[iap2] NowPlaying: NowPlaying { title: None, artist: None, album: None, genre: None, composer: None, duration_ms: None, track_number: None, track_count: None, elapsed_ms: Some(104436), playback_status: None, app: None, app_bundle_id: None }
[iap2] RX 0x5001 -> Identified
[iap2] RouteGuidance: RouteGuidance { route_state: Some(ProceedToRoute), maneuver_state: None, current_road: None, destination: Some("Home"), arrival_time_epoch_s: Some(1784916000), time_remaining_s: Some(2460), distance_remaining_m: Some(46030), distance_remaining_text: Some("29"), distance_remaining_units: Some(Miles), distance_to_next_maneuver_m: Some(178), distance_to_next_maneuver_text: Some("600"), distance_to_next_maneuver_units: Some(Feet), nav_app: Some("Apple Maps") }
[iap2] RX 0x5201 -> Identified
[iap2] NowPlaying: NowPlaying { title: None, artist: None, album: None, genre: None, composer: None, duration_ms: None, track_number: None, track_count: None, elapsed_ms: Some(104894), playback_status: None, app: None, app_bundle_id: None }
[iap2] RX 0x5001 -> Identified
[iap2] NowPlaying: NowPlaying { title: None, artist: None, album: None, genre: None, composer: None, duration_ms: None, track_number: None, track_count: None, elapsed_ms: Some(105354), playback_status: None, app: None, app_bundle_id: None }
[iap2] RX 0x5001 -> Identified
[iap2] NowPlaying: NowPlaying { title: None, artist: None, album: None, genre: None, composer: None, duration_ms: None, track_number: None, track_count: None, elapsed_ms: Some(105812), playback_status: None, app: None, app_bundle_id: None }
[iap2] RX 0x5001 -> Identified
[iap2] NowPlaying: NowPlaying { title: None, artist: None, album: None, genre: None, composer: None, duration_ms: None, track_number: None, track_count: None, elapsed_ms: Some(106271), playback_status: None, app: None, app_bundle_id: None }
[iap2] RX 0x5001 -> Identified
[iap2] NowPlaying: NowPlaying { title: None, artist: None, album: None, genre: None, composer: None, duration_ms: None, track_number: None, track_count: None, elapsed_ms: Some(106728), playback_status: None, app: None, app_bundle_id: None }
[iap2] RX 0x5001 -> Identified
[iap2] NowPlaying: NowPlaying { title: None, artist: None, album: None, genre: None, composer: None, duration_ms: None, track_number: None, track_count: None, elapsed_ms: Some(107185), playback_status: None, app: None, app_bundle_id: None }
[iap2] RX 0x5001 -> Identified
[iap2] NowPlaying: NowPlaying { title: None, artist: None, album: None, genre: None, composer: None, duration_ms: None, track_number: None, track_count: None, elapsed_ms: Some(107642), playback_status: None, app: None, app_bundle_id: None }
[iap2] RX 0x5001 -> Identified
[iap2] NowPlaying: NowPlaying { title: None, artist: None, album: None, genre: None, composer: None, duration_ms: None, track_number: None, track_count: None, elapsed_ms: Some(108100), playback_status: None, app: None, app_bundle_id: None }
[iap2] RX 0x5001 -> Identified
[meta] seam write failed — reconnecting on next message
[iap2] NowPlaying: NowPlaying { title: None, artist: None, album: None, genre: None, composer: None, duration_ms: None, track_number: None, track_count: None, elapsed_ms: Some(108558), playback_status: None, app: None, app_bundle_id: None }
[iap2] RX 0x5001 -> Identified
[meta] connected to ocbmd metadata seam 127.0.0.1:9004
[iap2] NowPlaying: NowPlaying { title: None, artist: None, album: None, genre: None, composer: None, duration_ms: None, track_number: None, track_count: None, elapsed_ms: Some(109015), playback_status: None, app: None, app_bundle_id: None }
[iap2] RX 0x5001 -> Identified
[iap2] NowPlaying: NowPlaying { title: None, artist: None, album: None, genre: None, composer: None, duration_ms: None, track_number: None, track_count: None, elapsed_ms: Some(109472), playback_status: None, app: None, app_bundle_id: None }
[iap2] RX 0x5001 -> Identified
[iap2] NowPlaying: NowPlaying { title: None, artist: None, album: None, genre: None, composer: None, duration_ms: None, track_number: None, track_count: None, elapsed_ms: Some(109932), playback_status: None, app: None, app_bundle_id: None }
[iap2] RX 0x5001 -> Identified
[iap2] RouteGuidance: RouteGuidance { route_state: Some(ProceedToRoute), maneuver_state: None, current_road: None, destination: Some("Home"), arrival_time_epoch_s: Some(1784916000), time_remaining_s: Some(2460), distance_remaining_m: Some(46030), distance_remaining_text: Some("29"), distance_remaining_units: Some(Miles), distance_to_next_maneuver_m: Some(178), distance_to_next_maneuver_text: Some("600"), distance_to_next_maneuver_units: Some(Feet), nav_app: Some("Apple Maps") }
[iap2] RX 0x5201 -> Identified
[iap2] NowPlaying: NowPlaying { title: None, artist: None, album: None, genre: None, composer: None, duration_ms: None, track_number: None, track_count: None, elapsed_ms: Some(110388), playback_status: None, app: None, app_bundle_id: None }
[iap2] RX 0x5001 -> Identified
[iap2] RouteGuidance: RouteGuidance { route_state: Some(ProceedToRoute), maneuver_state: None, current_road: None, destination: Some("Home"), arrival_time_epoch_s: Some(1784916000), time_remaining_s: Some(2460), distance_remaining_m: Some(46030), distance_remaining_text: Some("29"), distance_remaining_units: Some(Miles), distance_to_next_maneuver_m: Some(178), distance_to_next_maneuver_text: Some("600"), distance_to_next_maneuver_units: Some(Feet), nav_app: Some("Apple Maps") }
[iap2] RX 0x5201 -> Identified
[iap2] NowPlaying: NowPlaying { title: None, artist: None, album: None, genre: None, composer: None, duration_ms: None, track_number: None, track_count: None, elapsed_ms: Some(110850), playback_status: None, app: None, app_bundle_id: None }
[iap2] RX 0x5001 -> Identified
[iap2] NowPlaying: NowPlaying { title: None, artist: None, album: None, genre: None, composer: None, duration_ms: None, track_number: None, track_count: None, elapsed_ms: Some(111324), playback_status: None, app: None, app_bundle_id: None }
[iap2] RX 0x5001 -> Identified
[iap2] NowPlaying: NowPlaying { title: None, artist: None, album: None, genre: None, composer: None, duration_ms: None, track_number: None, track_count: None, elapsed_ms: Some(111820), playback_status: None, app: None, app_bundle_id: None }
[iap2] RX 0x5001 -> Identified
[iap2] RouteGuidance: RouteGuidance { route_state: Some(ProceedToRoute), maneuver_state: None, current_road: None, destination: Some("Home"), arrival_time_epoch_s: Some(1784916000), time_remaining_s: Some(2460), distance_remaining_m: Some(46030), distance_remaining_text: Some("29"), distance_remaining_units: Some(Miles), distance_to_next_maneuver_m: Some(177), distance_to_next_maneuver_text: Some("600"), distance_to_next_maneuver_units: Some(Feet), nav_app: Some("Apple Maps") }
[iap2] RX 0x5201 -> Identified
[iap2] NowPlaying: NowPlaying { title: None, artist: None, album: None, genre: None, composer: None, duration_ms: None, track_number: None, track_count: None, elapsed_ms: Some(112278), playback_status: None, app: None, app_bundle_id: None }
[iap2] RX 0x5001 -> Identified
[iap2] NowPlaying: NowPlaying { title: None, artist: None, album: None, genre: None, composer: None, duration_ms: None, track_number: None, track_count: None, elapsed_ms: Some(112739), playback_status: None, app: None, app_bundle_id: None }
[iap2] RX 0x5001 -> Identified
[iap2] NowPlaying: NowPlaying { title: None, artist: None, album: None, genre: None, composer: None, duration_ms: None, track_number: None, track_count: None, elapsed_ms: Some(113199), playback_status: None, app: None, app_bundle_id: None }
[iap2] RX 0x5001 -> Identified
[iap2] NowPlaying: NowPlaying { title: None, artist: None, album: None, genre: None, composer: None, duration_ms: None, track_number: None, track_count: None, elapsed_ms: Some(113657), playback_status: None, app: None, app_bundle_id: None }
[iap2] RX 0x5001 -> Identified
[iap2] NowPlaying: NowPlaying { title: None, artist: None, album: None, genre: None, composer: None, duration_ms: None, track_number: None, track_count: None, elapsed_ms: Some(114114), playback_status: None, app: None, app_bundle_id: None }
[iap2] RX 0x5001 -> Identified
[iap2] NowPlaying: NowPlaying { title: None, artist: None, album: None, genre: None, composer: None, duration_ms: None, track_number: None, track_count: None, elapsed_ms: Some(114571), playback_status: None, app: None, app_bundle_id: None }
[iap2] RX 0x5001 -> Identified
[iap2] NowPlaying: NowPlaying { title: None, artist: None, album: None, genre: None, composer: None, duration_ms: None, track_number: None, track_count: None, elapsed_ms: Some(115029), playback_status: None, app: None, app_bundle_id: None }
[iap2] RX 0x5001 -> Identified
[iap2] NowPlaying: NowPlaying { title: None, artist: None, album: None, genre: None, composer: None, duration_ms: None, track_number: None, track_count: None, elapsed_ms: Some(115486), playback_status: None, app: None, app_bundle_id: None }
[iap2] RX 0x5001 -> Identified
[iap2] NowPlaying: NowPlaying { title: None, artist: None, album: None, genre: None, composer: None, duration_ms: None, track_number: None, track_count: None, elapsed_ms: Some(115943), playback_status: None, app: None, app_bundle_id: None }
[iap2] RX 0x5001 -> Identified
[iap2] RouteGuidance: RouteGuidance { route_state: Some(ProceedToRoute), maneuver_state: None, current_road: None, destination: Some("Home"), arrival_time_epoch_s: Some(1784916000), time_remaining_s: Some(2460), distance_remaining_m: Some(46030), distance_remaining_text: Some("29"), distance_remaining_units: Some(Miles), distance_to_next_maneuver_m: Some(177), distance_to_next_maneuver_text: Some("600"), distance_to_next_maneuver_units: Some(Feet), nav_app: Some("Apple Maps") }
[iap2] RX 0x5201 -> Identified
[iap2] NowPlaying: NowPlaying { title: None, artist: None, album: None, genre: None, composer: None, duration_ms: None, track_number: None, track_count: None, elapsed_ms: Some(116401), playback_status: None, app: None, app_bundle_id: None }
[iap2] RX 0x5001 -> Identified
[iap2] NowPlaying: NowPlaying { title: None, artist: None, album: None, genre: None, composer: None, duration_ms: None, track_number: None, track_count: None, elapsed_ms: Some(116861), playback_status: None, app: None, app_bundle_id: None }
[iap2] RX 0x5001 -> Identified
[iap2] NowPlaying: NowPlaying { title: None, artist: None, album: None, genre: None, composer: None, duration_ms: None, track_number: None, track_count: None, elapsed_ms: Some(117318), playback_status: None, app: None, app_bundle_id: None }
[iap2] RX 0x5001 -> Identified
[iap2] NowPlaying: NowPlaying { title: None, artist: None, album: None, genre: None, composer: None, duration_ms: None, track_number: None, track_count: None, elapsed_ms: Some(117775), playback_status: None, app: None, app_bundle_id: None }
[iap2] RX 0x5001 -> Identified
[iap2] NowPlaying: NowPlaying { title: None, artist: None, album: None, genre: None, composer: None, duration_ms: None, track_number: None, track_count: None, elapsed_ms: Some(118232), playback_status: None, app: None, app_bundle_id: None }
[iap2] RX 0x5001 -> Identified
[iap2] NowPlaying: NowPlaying { title: None, artist: None, album: None, genre: None, composer: None, duration_ms: None, track_number: None, track_count: None, elapsed_ms: Some(118689), playback_status: None, app: None, app_bundle_id: None }
[iap2] RX 0x5001 -> Identified
[iap2] NowPlaying: NowPlaying { title: None, artist: None, album: None, genre: None, composer: None, duration_ms: None, track_number: None, track_count: None, elapsed_ms: Some(119147), playback_status: None, app: None, app_bundle_id: None }
[iap2] RX 0x5001 -> Identified
[iap2] NowPlaying: NowPlaying { title: None, artist: None, album: None, genre: None, composer: None, duration_ms: None, track_number: None, track_count: None, elapsed_ms: Some(119605), playback_status: None, app: None, app_bundle_id: None }
[iap2] RX 0x5001 -> Identified
[meta] forwarded 300 metadata messages to the host
[iap2] NowPlaying: NowPlaying { title: None, artist: None, album: None, genre: None, composer: None, duration_ms: None, track_number: None, track_count: None, elapsed_ms: Some(120063), playback_status: None, app: None, app_bundle_id: None }
[iap2] RX 0x5001 -> Identified
[iap2] NowPlaying: NowPlaying { title: None, artist: None, album: None, genre: None, composer: None, duration_ms: None, track_number: None, track_count: None, elapsed_ms: Some(120521), playback_status: None, app: None, app_bundle_id: None }
[iap2] RX 0x5001 -> Identified
[iap2] NowPlaying: NowPlaying { title: None, artist: None, album: None, genre: None, composer: None, duration_ms: None, track_number: None, track_count: None, elapsed_ms: Some(120979), playback_status: None, app: None, app_bundle_id: None }
[iap2] RX 0x5001 -> Identified
[iap2] NowPlaying: NowPlaying { title: None, artist: None, album: None, genre: None, composer: None, duration_ms: None, track_number: None, track_count: None, elapsed_ms: Some(121436), playback_status: None, app: None, app_bundle_id: None }
[iap2] RX 0x5001 -> Identified
[iap2] NowPlaying: NowPlaying { title: None, artist: None, album: None, genre: None, composer: None, duration_ms: None, track_number: None, track_count: None, elapsed_ms: Some(121892), playback_status: None, app: None, app_bundle_id: None }
[iap2] RX 0x5001 -> Identified
[iap2] NowPlaying: NowPlaying { title: None, artist: None, album: None, genre: None, composer: None, duration_ms: None, track_number: None, track_count: None, elapsed_ms: Some(122349), playback_status: None, app: None, app_bundle_id: None }
[iap2] RX 0x5001 -> Identified
[iap2] NowPlaying: NowPlaying { title: None, artist: None, album: None, genre: None, composer: None, duration_ms: None, track_number: None, track_count: None, elapsed_ms: Some(122806), playback_status: None, app: None, app_bundle_id: None }
[iap2] RX 0x5001 -> Identified
[iap2] NowPlaying: NowPlaying { title: None, artist: None, album: None, genre: None, composer: None, duration_ms: None, track_number: None, track_count: None, elapsed_ms: Some(123263), playback_status: None, app: None, app_bundle_id: None }
[iap2] RX 0x5001 -> Identified
[iap2] NowPlaying: NowPlaying { title: None, artist: None, album: None, genre: None, composer: None, duration_ms: None, track_number: None, track_count: None, elapsed_ms: Some(123720), playback_status: None, app: None, app_bundle_id: None }
[iap2] RX 0x5001 -> Identified
[iap2] RouteGuidance: RouteGuidance { route_state: Some(ProceedToRoute), maneuver_state: None, current_road: None, destination: Some("Home"), arrival_time_epoch_s: Some(1784916000), time_remaining_s: Some(2460), distance_remaining_m: Some(46030), distance_remaining_text: Some("29"), distance_remaining_units: Some(Miles), distance_to_next_maneuver_m: Some(177), distance_to_next_maneuver_text: Some("600"), distance_to_next_maneuver_units: Some(Feet), nav_app: Some("Apple Maps") }
[iap2] RX 0x5201 -> Identified
[iap2] NowPlaying: NowPlaying { title: None, artist: None, album: None, genre: None, composer: None, duration_ms: None, track_number: None, track_count: None, elapsed_ms: Some(124178), playback_status: None, app: None, app_bundle_id: None }
[iap2] RX 0x5001 -> Identified
[iap2] NowPlaying: NowPlaying { title: None, artist: None, album: None, genre: None, composer: None, duration_ms: None, track_number: None, track_count: None, elapsed_ms: Some(124636), playback_status: None, app: None, app_bundle_id: None }
[iap2] RX 0x5001 -> Identified
[iap2] NowPlaying: NowPlaying { title: None, artist: None, album: None, genre: None, composer: None, duration_ms: None, track_number: None, track_count: None, elapsed_ms: Some(125095), playback_status: None, app: None, app_bundle_id: None }
[iap2] RX 0x5001 -> Identified
[meta] seam write failed — reconnecting on next message
[iap2] NowPlaying: NowPlaying { title: None, artist: None, album: None, genre: None, composer: None, duration_ms: None, track_number: None, track_count: None, elapsed_ms: Some(125556), playback_status: None, app: None, app_bundle_id: None }
[iap2] RX 0x5001 -> Identified
[meta] connected to ocbmd metadata seam 127.0.0.1:9004
[iap2] NowPlaying: NowPlaying { title: None, artist: None, album: None, genre: None, composer: None, duration_ms: None, track_number: None, track_count: None, elapsed_ms: Some(126014), playback_status: None, app: None, app_bundle_id: None }
[iap2] RX 0x5001 -> Identified
[iap2] NowPlaying: NowPlaying { title: None, artist: None, album: None, genre: None, composer: None, duration_ms: None, track_number: None, track_count: None, elapsed_ms: Some(126473), playback_status: None, app: None, app_bundle_id: None }
[iap2] RX 0x5001 -> Identified
[iap2] NowPlaying: NowPlaying { title: None, artist: None, album: None, genre: None, composer: None, duration_ms: None, track_number: None, track_count: None, elapsed_ms: Some(126929), playback_status: None, app: None, app_bundle_id: None }
[iap2] RX 0x5001 -> Identified
[iap2] NowPlaying: NowPlaying { title: None, artist: None, album: None, genre: None, composer: None, duration_ms: None, track_number: None, track_count: None, elapsed_ms: Some(127389), playback_status: None, app: None, app_bundle_id: None }
[iap2] RX 0x5001 -> Identified
[iap2] NowPlaying: NowPlaying { title: None, artist: None, album: None, genre: None, composer: None, duration_ms: None, track_number: None, track_count: None, elapsed_ms: Some(127849), playback_status: None, app: None, app_bundle_id: None }
[iap2] RX 0x5001 -> Identified
[iap2] NowPlaying: NowPlaying { title: None, artist: None, album: None, genre: None, composer: None, duration_ms: None, track_number: None, track_count: None, elapsed_ms: Some(128307), playback_status: None, app: None, app_bundle_id: None }
[iap2] RX 0x5001 -> Identified
[iap2] NowPlaying: NowPlaying { title: None, artist: None, album: None, genre: None, composer: None, duration_ms: None, track_number: None, track_count: None, elapsed_ms: Some(128763), playback_status: None, app: None, app_bundle_id: None }
[iap2] RX 0x5001 -> Identified
[iap2] NowPlaying: NowPlaying { title: None, artist: None, album: None, genre: None, composer: None, duration_ms: None, track_number: None, track_count: None, elapsed_ms: Some(129221), playback_status: None, app: None, app_bundle_id: None }
[iap2] RX 0x5001 -> Identified
[iap2] NowPlaying: NowPlaying { title: None, artist: None, album: None, genre: None, composer: None, duration_ms: None, track_number: None, track_count: None, elapsed_ms: Some(129678), playback_status: None, app: None, app_bundle_id: None }
[iap2] RX 0x5001 -> Identified
[iap2] NowPlaying: NowPlaying { title: None, artist: None, album: None, genre: None, composer: None, duration_ms: None, track_number: None, track_count: None, elapsed_ms: Some(130139), playback_status: None, app: None, app_bundle_id: None }
[iap2] RX 0x5001 -> Identified
[iap2] NowPlaying: NowPlaying { title: None, artist: None, album: None, genre: None, composer: None, duration_ms: None, track_number: None, track_count: None, elapsed_ms: Some(130598), playback_status: None, app: None, app_bundle_id: None }
[iap2] RX 0x5001 -> Identified
[iap2] NowPlaying: NowPlaying { title: None, artist: None, album: None, genre: None, composer: None, duration_ms: None, track_number: None, track_count: None, elapsed_ms: Some(131054), playback_status: None, app: None, app_bundle_id: None }
[iap2] RX 0x5001 -> Identified
[iap2] NowPlaying: NowPlaying { title: None, artist: None, album: None, genre: None, composer: None, duration_ms: None, track_number: None, track_count: None, elapsed_ms: Some(131513), playback_status: None, app: None, app_bundle_id: None }
[iap2] RX 0x5001 -> Identified
[iap2] NowPlaying: NowPlaying { title: None, artist: None, album: None, genre: None, composer: None, duration_ms: None, track_number: None, track_count: None, elapsed_ms: Some(131971), playback_status: None, app: None, app_bundle_id: None }
[iap2] RX 0x5001 -> Identified
[iap2] NowPlaying: NowPlaying { title: None, artist: None, album: None, genre: None, composer: None, duration_ms: None, track_number: None, track_count: None, elapsed_ms: Some(132428), playback_status: None, app: None, app_bundle_id: None }
[iap2] RX 0x5001 -> Identified
[iap2] NowPlaying: NowPlaying { title: None, artist: None, album: None, genre: None, composer: None, duration_ms: None, track_number: None, track_count: None, elapsed_ms: Some(132885), playback_status: None, app: None, app_bundle_id: None }
[iap2] RX 0x5001 -> Identified
[iap2] NowPlaying: NowPlaying { title: None, artist: None, album: None, genre: None, composer: None, duration_ms: None, track_number: None, track_count: None, elapsed_ms: Some(133343), playback_status: None, app: None, app_bundle_id: None }
[iap2] RX 0x5001 -> Identified
[iap2] NowPlaying: NowPlaying { title: None, artist: None, album: None, genre: None, composer: None, duration_ms: None, track_number: None, track_count: None, elapsed_ms: Some(133801), playback_status: None, app: None, app_bundle_id: None }
[iap2] RX 0x5001 -> Identified
[iap2] NowPlaying: NowPlaying { title: None, artist: None, album: None, genre: None, composer: None, duration_ms: None, track_number: None, track_count: None, elapsed_ms: Some(134258), playback_status: None, app: None, app_bundle_id: None }
[iap2] RX 0x5001 -> Identified
[iap2] NowPlaying: NowPlaying { title: None, artist: None, album: None, genre: None, composer: None, duration_ms: None, track_number: None, track_count: None, elapsed_ms: Some(134718), playback_status: None, app: None, app_bundle_id: None }
[iap2] RX 0x5001 -> Identified
[iap2] NowPlaying: NowPlaying { title: None, artist: None, album: None, genre: None, composer: None, duration_ms: None, track_number: None, track_count: None, elapsed_ms: Some(135175), playback_status: None, app: None, app_bundle_id: None }
[iap2] RX 0x5001 -> Identified
[iap2] NowPlaying: NowPlaying { title: None, artist: None, album: None, genre: None, composer: None, duration_ms: None, track_number: None, track_count: None, elapsed_ms: Some(135633), playback_status: None, app: None, app_bundle_id: None }
[iap2] RX 0x5001 -> Identified
[iap2] NowPlaying: NowPlaying { title: None, artist: None, album: None, genre: None, composer: None, duration_ms: None, track_number: None, track_count: None, elapsed_ms: Some(136090), playback_status: None, app: None, app_bundle_id: None }
[iap2] RX 0x5001 -> Identified
